/home/tuukka/python_scripts/etuovi/get_listings.py:453: FutureWarning: Setting an item of incompatible dtype is deprecated and will raise an error in a future version of pandas. Value '1994' has dtype incompatible with float64, please explicitly cast to a compatible dtype first.
  df_combined.at[idx, key] = value
/home/tuukka/python_scripts/etuovi/get_listings.py:453: FutureWarning: Setting an item of incompatible dtype is deprecated and will raise an error in a future version of pandas. Value '1994' has dtype incompatible with float64, please explicitly cast to a compatible dtype first.
  df_combined.at[idx, key] = value
/home/tuukka/python_scripts/etuovi/get_listings.py:453: FutureWarning: Setting an item of incompatible dtype is deprecated and will raise an error in a future version of pandas. Value '5' has dtype incompatible with float64, please explicitly cast to a compatible dtype first.
  df_combined.at[idx, key] = value
Käyttäjä: tuukka
HOME: /home/tuukka
Ei spotlight-mainosta tällä sivulla.
https://www.etuovi.com/myytavat-asunnot/oulu/heinapaa?haku=M2284191086
Siirrytään sivulle..
Sivu ladattu!
Cookies-popup error
An error occurred: Message: 
Stacktrace:
RemoteError@chrome://remote/content/shared/RemoteError.sys.mjs:8:8
WebDriverError@chrome://remote/content/shared/webdriver/Errors.sys.mjs:199:5
NoSuchElementError@chrome://remote/content/shared/webdriver/Errors.sys.mjs:552:5
dom.find/</<@chrome://remote/content/shared/DOM.sys.mjs:136:16


Käsitellään sivu 1: https://www.etuovi.com/myytavat-asunnot/oulu/heinapaa?haku=M2284191086&sivu=1
Spotlight-mainos poistettu.
Löytyi 30 uutta linkkiä

Käsitellään sivu 2: https://www.etuovi.com/myytavat-asunnot/oulu/heinapaa?haku=M2284191086&sivu=2
Spotlight-mainos poistettu.
Löytyi 29 uutta linkkiä

Käsitellään sivu 3: https://www.etuovi.com/myytavat-asunnot/oulu/heinapaa?haku=M2284191086&sivu=3
Spotlight-mainos poistettu.
Löytyi 0 uutta linkkiä
Ei uusia linkkejä – lopetetaan.
Writing 59 rows to csv
Save complete!
Execution time: 47.18 seconds
2025-09-05 09:56:13.872635
/home/tuukka/python_scripts/etuovi/get_listings.py:455: FutureWarning: Setting an item of incompatible dtype is deprecated and will raise an error in a future version of pandas. Value '1994' has dtype incompatible with float64, please explicitly cast to a compatible dtype first.
  df_combined.at[idx, key] = value
/home/tuukka/python_scripts/etuovi/get_listings.py:455: FutureWarning: Setting an item of incompatible dtype is deprecated and will raise an error in a future version of pandas. Value '1994' has dtype incompatible with float64, please explicitly cast to a compatible dtype first.
  df_combined.at[idx, key] = value
/home/tuukka/python_scripts/etuovi/get_listings.py:455: FutureWarning: Setting an item of incompatible dtype is deprecated and will raise an error in a future version of pandas. Value '5' has dtype incompatible with float64, please explicitly cast to a compatible dtype first.
  df_combined.at[idx, key] = value
Käyttäjä: tuukka
HOME: /home/tuukka
Starting 'get_urls' function
Ei spotlight-mainosta tällä sivulla.
https://www.etuovi.com/myytavat-asunnot/oulu/heinapaa?haku=M2284191086
Siirrytään sivulle..
Sivu ladattu!
Cookies-popup error
An error occurred: Message: 
Stacktrace:
RemoteError@chrome://remote/content/shared/RemoteError.sys.mjs:8:8
WebDriverError@chrome://remote/content/shared/webdriver/Errors.sys.mjs:199:5
NoSuchElementError@chrome://remote/content/shared/webdriver/Errors.sys.mjs:552:5
dom.find/</<@chrome://remote/content/shared/DOM.sys.mjs:136:16


Käsitellään sivu 1: https://www.etuovi.com/myytavat-asunnot/oulu/heinapaa?haku=M2284191086&sivu=1
Spotlight-mainos poistettu.
Löytyi 30 uutta linkkiä

Käsitellään sivu 2: https://www.etuovi.com/myytavat-asunnot/oulu/heinapaa?haku=M2284191086&sivu=2
Spotlight-mainos poistettu.
Löytyi 29 uutta linkkiä

Käsitellään sivu 3: https://www.etuovi.com/myytavat-asunnot/oulu/heinapaa?haku=M2284191086&sivu=3
Spotlight-mainos poistettu.
Löytyi 0 uutta linkkiä
Ei uusia linkkejä – lopetetaan.
Writing 59 rows to 'latest_listings.csv'
Save complete!
Execution time: 41.85 seconds
todays list has 59 listings
Old dataframe contains 80 listings
Startins 'get_soup' function
Writing combined csv as 'all_listings.csv' with 80 rows and 124 columns
Script completed at 2025-09-05 10:22:07.984751
/home/tuukka/python_scripts/etuovi/get_listings.py:463: FutureWarning: Setting an item of incompatible dtype is deprecated and will raise an error in a future version of pandas. Value '1994' has dtype incompatible with float64, please explicitly cast to a compatible dtype first.
  df_combined.at[idx, key] = value
/home/tuukka/python_scripts/etuovi/get_listings.py:463: FutureWarning: Setting an item of incompatible dtype is deprecated and will raise an error in a future version of pandas. Value '1994' has dtype incompatible with float64, please explicitly cast to a compatible dtype first.
  df_combined.at[idx, key] = value
/home/tuukka/python_scripts/etuovi/get_listings.py:463: FutureWarning: Setting an item of incompatible dtype is deprecated and will raise an error in a future version of pandas. Value '5' has dtype incompatible with float64, please explicitly cast to a compatible dtype first.
  df_combined.at[idx, key] = value
Käyttäjä: tuukka
HOME: /home/tuukka
Starting 'get_urls' function
Ei spotlight-mainosta tällä sivulla.
https://www.etuovi.com/myytavat-asunnot/oulu/heinapaa?haku=M2284191086
Siirrytään sivulle..
Sivu ladattu!
Cookies-popup error
An error occurred: Message: 
Stacktrace:
RemoteError@chrome://remote/content/shared/RemoteError.sys.mjs:8:8
WebDriverError@chrome://remote/content/shared/webdriver/Errors.sys.mjs:199:5
NoSuchElementError@chrome://remote/content/shared/webdriver/Errors.sys.mjs:552:5
dom.find/</<@chrome://remote/content/shared/DOM.sys.mjs:136:16


Käsitellään sivu 1: https://www.etuovi.com/myytavat-asunnot/oulu/heinapaa?haku=M2284191086&sivu=1
Spotlight-mainos poistettu.
Löytyi 30 uutta linkkiä

Käsitellään sivu 2: https://www.etuovi.com/myytavat-asunnot/oulu/heinapaa?haku=M2284191086&sivu=2
Spotlight-mainos poistettu.
Löytyi 29 uutta linkkiä

Käsitellään sivu 3: https://www.etuovi.com/myytavat-asunnot/oulu/heinapaa?haku=M2284191086&sivu=3
Spotlight-mainos poistettu.
Löytyi 0 uutta linkkiä
Ei uusia linkkejä – lopetetaan.
Writing 59 rows to 'latest_listings.csv'
Save complete!
Execution time: 44.49 seconds
Loaded latest listings from:  /home/tuukka/python_scripts/etuovi/latest_listings.csv
todays list has 59 listings
Old dataframe contains 80 listings
Startins 'get_soup' function
Saved combined listings to:  /home/tuukka/python_scripts/etuovi/all_listings.csv
Script completed at 2025-09-05 10:39:10.956461
Käyttäjä: tuukka
HOME: /home/tuukka
Starting 'get_urls' function
Ei spotlight-mainosta tällä sivulla.
https://www.etuovi.com/myytavat-asunnot/oulu/heinapaa?haku=M2284191086
Siirrytään sivulle..
Sivu ladattu!
Cookies-popup error
An error occurred: Message: 
Stacktrace:
RemoteError@chrome://remote/content/shared/RemoteError.sys.mjs:8:8
WebDriverError@chrome://remote/content/shared/webdriver/Errors.sys.mjs:199:5
NoSuchElementError@chrome://remote/content/shared/webdriver/Errors.sys.mjs:552:5
dom.find/</<@chrome://remote/content/shared/DOM.sys.mjs:136:16


Käsitellään sivu 1: https://www.etuovi.com/myytavat-asunnot/oulu/heinapaa?haku=M2284191086&sivu=1
Spotlight-mainos poistettu.
Löytyi 30 uutta linkkiä

Käsitellään sivu 2: https://www.etuovi.com/myytavat-asunnot/oulu/heinapaa?haku=M2284191086&sivu=2
Spotlight-mainos poistettu.
Löytyi 28 uutta linkkiä

Käsitellään sivu 3: https://www.etuovi.com/myytavat-asunnot/oulu/heinapaa?haku=M2284191086&sivu=3
Spotlight-mainos poistettu.
Löytyi 0 uutta linkkiä
Ei uusia linkkejä – lopetetaan.
Writing 58 rows to 'latest_listings.csv'
Save complete!
Execution time: 45.10 seconds
Startins 'get_soup' function
Saved combined listings to:  /home/tuukka/python_scripts/etuovi/all_listings.csv
Script completed at 2025-09-06 03:04:41.094505
/home/tuukka/python_scripts/etuovi/get_listings.py:462: FutureWarning: Setting an item of incompatible dtype is deprecated and will raise an error in a future version of pandas. Value '2008' has dtype incompatible with float64, please explicitly cast to a compatible dtype first.
  df_combined.at[idx, key] = value
/home/tuukka/python_scripts/etuovi/get_listings.py:462: FutureWarning: Setting an item of incompatible dtype is deprecated and will raise an error in a future version of pandas. Value '2008' has dtype incompatible with float64, please explicitly cast to a compatible dtype first.
  df_combined.at[idx, key] = value
/home/tuukka/python_scripts/etuovi/get_listings.py:462: FutureWarning: Setting an item of incompatible dtype is deprecated and will raise an error in a future version of pandas. Value '5' has dtype incompatible with float64, please explicitly cast to a compatible dtype first.
  df_combined.at[idx, key] = value
Käyttäjä: tuukka
HOME: /home/tuukka
Starting 'get_urls' function
Ei spotlight-mainosta tällä sivulla.
https://www.etuovi.com/myytavat-asunnot/oulu/heinapaa?haku=M2284191086
Siirrytään sivulle..
Sivu ladattu!
Cookies-popup error
An error occurred: Message: 
Stacktrace:
RemoteError@chrome://remote/content/shared/RemoteError.sys.mjs:8:8
WebDriverError@chrome://remote/content/shared/webdriver/Errors.sys.mjs:199:5
NoSuchElementError@chrome://remote/content/shared/webdriver/Errors.sys.mjs:552:5
dom.find/</<@chrome://remote/content/shared/DOM.sys.mjs:136:16


Käsitellään sivu 1: https://www.etuovi.com/myytavat-asunnot/oulu/heinapaa?haku=M2284191086&sivu=1
Spotlight-mainos poistettu.
Löytyi 30 uutta linkkiä

Käsitellään sivu 2: https://www.etuovi.com/myytavat-asunnot/oulu/heinapaa?haku=M2284191086&sivu=2
Spotlight-mainos poistettu.
Löytyi 28 uutta linkkiä

Käsitellään sivu 3: https://www.etuovi.com/myytavat-asunnot/oulu/heinapaa?haku=M2284191086&sivu=3
Spotlight-mainos poistettu.
Löytyi 0 uutta linkkiä
Ei uusia linkkejä – lopetetaan.
Writing 58 rows to 'latest_listings.csv'
Save complete!
Execution time: 42.22 seconds
Looking for all_listings.csv at: /home/tuukka/python_scripts/etuovi/all_listings.csv
Exists? True
Loaded latest listings from:  /home/tuukka/python_scripts/etuovi/latest_listings.csv
todays list has 59 listings
Old dataframe contains 79 listings
Startins 'get_soup' function
Saved combined listings to:  /home/tuukka/python_scripts/etuovi/all_listings.csv
Script completed at 2025-09-06 08:32:07.946907
/home/tuukka/python_scripts/etuovi/get_listings.py:462: FutureWarning: Setting an item of incompatible dtype is deprecated and will raise an error in a future version of pandas. Value '2008' has dtype incompatible with float64, please explicitly cast to a compatible dtype first.
  df_combined.at[idx, key] = value
/home/tuukka/python_scripts/etuovi/get_listings.py:462: FutureWarning: Setting an item of incompatible dtype is deprecated and will raise an error in a future version of pandas. Value '2008' has dtype incompatible with float64, please explicitly cast to a compatible dtype first.
  df_combined.at[idx, key] = value
/home/tuukka/python_scripts/etuovi/get_listings.py:462: FutureWarning: Setting an item of incompatible dtype is deprecated and will raise an error in a future version of pandas. Value '5' has dtype incompatible with float64, please explicitly cast to a compatible dtype first.
  df_combined.at[idx, key] = value
Käyttäjä: tuukka
HOME: /home/tuukka
Starting 'get_urls' function
Ei spotlight-mainosta tällä sivulla.
https://www.etuovi.com/myytavat-asunnot/oulu/heinapaa?haku=M2284191086
Siirrytään sivulle..
Sivu ladattu!
Cookies-popup error
An error occurred: Message: 
Stacktrace:
RemoteError@chrome://remote/content/shared/RemoteError.sys.mjs:8:8
WebDriverError@chrome://remote/content/shared/webdriver/Errors.sys.mjs:199:5
NoSuchElementError@chrome://remote/content/shared/webdriver/Errors.sys.mjs:552:5
dom.find/</<@chrome://remote/content/shared/DOM.sys.mjs:136:16


Käsitellään sivu 1: https://www.etuovi.com/myytavat-asunnot/oulu/heinapaa?haku=M2284191086&sivu=1
Spotlight-mainos poistettu.
Löytyi 30 uutta linkkiä

Käsitellään sivu 2: https://www.etuovi.com/myytavat-asunnot/oulu/heinapaa?haku=M2284191086&sivu=2
Spotlight-mainos poistettu.
Löytyi 27 uutta linkkiä

Käsitellään sivu 3: https://www.etuovi.com/myytavat-asunnot/oulu/heinapaa?haku=M2284191086&sivu=3
Spotlight-mainos poistettu.
Löytyi 0 uutta linkkiä
Ei uusia linkkejä – lopetetaan.
Writing 57 rows to 'latest_listings.csv'
Save complete!
Execution time: 47.55 seconds
Looking for all_listings.csv at: /home/tuukka/python_scripts/etuovi/all_listings.csv
Exists? True
Loaded latest listings from:  /home/tuukka/python_scripts/etuovi/latest_listings.csv
todays list has 58 listings
Old dataframe contains 79 listings
Startins 'get_soup' function
Saved combined listings to:  /home/tuukka/python_scripts/etuovi/all_listings.csv
Script completed at 2025-09-07 03:01:13.023812
/home/tuukka/python_scripts/etuovi/get_listings.py:462: FutureWarning: Setting an item of incompatible dtype is deprecated and will raise an error in a future version of pandas. Value '2008' has dtype incompatible with float64, please explicitly cast to a compatible dtype first.
  df_combined.at[idx, key] = value
/home/tuukka/python_scripts/etuovi/get_listings.py:462: FutureWarning: Setting an item of incompatible dtype is deprecated and will raise an error in a future version of pandas. Value '2008' has dtype incompatible with float64, please explicitly cast to a compatible dtype first.
  df_combined.at[idx, key] = value
/home/tuukka/python_scripts/etuovi/get_listings.py:462: FutureWarning: Setting an item of incompatible dtype is deprecated and will raise an error in a future version of pandas. Value '5' has dtype incompatible with float64, please explicitly cast to a compatible dtype first.
  df_combined.at[idx, key] = value
Käyttäjä: tuukka
HOME: /home/tuukka
Starting 'get_urls' function
Ei spotlight-mainosta tällä sivulla.
https://www.etuovi.com/myytavat-asunnot/oulu/heinapaa?haku=M2284191086
Siirrytään sivulle..
Sivu ladattu!
Cookies-popup error
An error occurred: Message: 
Stacktrace:
RemoteError@chrome://remote/content/shared/RemoteError.sys.mjs:8:8
WebDriverError@chrome://remote/content/shared/webdriver/Errors.sys.mjs:199:5
NoSuchElementError@chrome://remote/content/shared/webdriver/Errors.sys.mjs:552:5
dom.find/</<@chrome://remote/content/shared/DOM.sys.mjs:136:16


Käsitellään sivu 1: https://www.etuovi.com/myytavat-asunnot/oulu/heinapaa?haku=M2284191086&sivu=1
Spotlight-mainos poistettu.
Löytyi 30 uutta linkkiä

Käsitellään sivu 2: https://www.etuovi.com/myytavat-asunnot/oulu/heinapaa?haku=M2284191086&sivu=2
Spotlight-mainos poistettu.
Löytyi 27 uutta linkkiä

Käsitellään sivu 3: https://www.etuovi.com/myytavat-asunnot/oulu/heinapaa?haku=M2284191086&sivu=3
Spotlight-mainos poistettu.
Löytyi 0 uutta linkkiä
Ei uusia linkkejä – lopetetaan.
Writing 57 rows to 'latest_listings.csv'
Save complete!
Execution time: 40.01 seconds
Looking for all_listings.csv at: /home/tuukka/python_scripts/etuovi/all_listings.csv
Exists? True
Loaded latest listings from:  /home/tuukka/python_scripts/etuovi/latest_listings.csv
todays list has 58 listings
Old dataframe contains 79 listings
Startins 'get_soup' function
Saved combined listings to:  /home/tuukka/python_scripts/etuovi/all_listings.csv
Script completed at 2025-09-08 03:01:04.874384
/home/tuukka/python_scripts/etuovi/get_listings.py:462: FutureWarning: Setting an item of incompatible dtype is deprecated and will raise an error in a future version of pandas. Value '2008' has dtype incompatible with float64, please explicitly cast to a compatible dtype first.
  df_combined.at[idx, key] = value
/home/tuukka/python_scripts/etuovi/get_listings.py:462: FutureWarning: Setting an item of incompatible dtype is deprecated and will raise an error in a future version of pandas. Value '2008' has dtype incompatible with float64, please explicitly cast to a compatible dtype first.
  df_combined.at[idx, key] = value
/home/tuukka/python_scripts/etuovi/get_listings.py:462: FutureWarning: Setting an item of incompatible dtype is deprecated and will raise an error in a future version of pandas. Value '5' has dtype incompatible with float64, please explicitly cast to a compatible dtype first.
  df_combined.at[idx, key] = value
Käyttäjä: tuukka
HOME: /home/tuukka
Starting 'get_urls' function
Ei spotlight-mainosta tällä sivulla.
https://www.etuovi.com/myytavat-asunnot/oulu/heinapaa?haku=M2284191086
Siirrytään sivulle..
Sivu ladattu!
Cookies-popup error
An error occurred: Message: 
Stacktrace:
RemoteError@chrome://remote/content/shared/RemoteError.sys.mjs:8:8
WebDriverError@chrome://remote/content/shared/webdriver/Errors.sys.mjs:199:5
NoSuchElementError@chrome://remote/content/shared/webdriver/Errors.sys.mjs:552:5
dom.find/</<@chrome://remote/content/shared/DOM.sys.mjs:136:16


Käsitellään sivu 1: https://www.etuovi.com/myytavat-asunnot/oulu/heinapaa?haku=M2284191086&sivu=1
Spotlight-mainos poistettu.
Löytyi 30 uutta linkkiä

Käsitellään sivu 2: https://www.etuovi.com/myytavat-asunnot/oulu/heinapaa?haku=M2284191086&sivu=2
Spotlight-mainos poistettu.
Löytyi 25 uutta linkkiä

Käsitellään sivu 3: https://www.etuovi.com/myytavat-asunnot/oulu/heinapaa?haku=M2284191086&sivu=3
Spotlight-mainos poistettu.
Löytyi 0 uutta linkkiä
Ei uusia linkkejä – lopetetaan.
Writing 55 rows to 'latest_listings.csv'
Save complete!
Execution time: 41.67 seconds
Looking for all_listings.csv at: /home/tuukka/python_scripts/etuovi/all_listings.csv
Exists? True
Loaded latest listings from:  /home/tuukka/python_scripts/etuovi/latest_listings.csv
todays list has 58 listings
Old dataframe contains 79 listings
Startins 'get_soup' function
Saved combined listings to:  /home/tuukka/python_scripts/etuovi/all_listings.csv
Script completed at 2025-09-09 03:01:06.431466
/home/tuukka/python_scripts/etuovi/get_listings.py:462: FutureWarning: Setting an item of incompatible dtype is deprecated and will raise an error in a future version of pandas. Value '2008' has dtype incompatible with float64, please explicitly cast to a compatible dtype first.
  df_combined.at[idx, key] = value
/home/tuukka/python_scripts/etuovi/get_listings.py:462: FutureWarning: Setting an item of incompatible dtype is deprecated and will raise an error in a future version of pandas. Value '2008' has dtype incompatible with float64, please explicitly cast to a compatible dtype first.
  df_combined.at[idx, key] = value
/home/tuukka/python_scripts/etuovi/get_listings.py:462: FutureWarning: Setting an item of incompatible dtype is deprecated and will raise an error in a future version of pandas. Value '5' has dtype incompatible with float64, please explicitly cast to a compatible dtype first.
  df_combined.at[idx, key] = value
Käyttäjä: tuukka
HOME: /home/tuukka
Starting 'get_urls' function
Ei spotlight-mainosta tällä sivulla.
https://www.etuovi.com/myytavat-asunnot/oulu/heinapaa?haku=M2284191086
Siirrytään sivulle..
Sivu ladattu!
Cookies-popup error
An error occurred: Message: 
Stacktrace:
RemoteError@chrome://remote/content/shared/RemoteError.sys.mjs:8:8
WebDriverError@chrome://remote/content/shared/webdriver/Errors.sys.mjs:199:5
NoSuchElementError@chrome://remote/content/shared/webdriver/Errors.sys.mjs:552:5
dom.find/</<@chrome://remote/content/shared/DOM.sys.mjs:136:16


Käsitellään sivu 1: https://www.etuovi.com/myytavat-asunnot/oulu/heinapaa?haku=M2284191086&sivu=1
Spotlight-mainos poistettu.
Löytyi 30 uutta linkkiä

Käsitellään sivu 2: https://www.etuovi.com/myytavat-asunnot/oulu/heinapaa?haku=M2284191086&sivu=2
Spotlight-mainos poistettu.
Löytyi 25 uutta linkkiä

Käsitellään sivu 3: https://www.etuovi.com/myytavat-asunnot/oulu/heinapaa?haku=M2284191086&sivu=3
Spotlight-mainos poistettu.
Löytyi 0 uutta linkkiä
Ei uusia linkkejä – lopetetaan.
Writing 55 rows to 'latest_listings.csv'
Save complete!
Execution time: 41.99 seconds
Looking for all_listings.csv at: /home/tuukka/python_scripts/etuovi/all_listings.csv
Exists? True
Loaded latest listings from:  /home/tuukka/python_scripts/etuovi/latest_listings.csv
todays list has 58 listings
Old dataframe contains 79 listings
Startins 'get_soup' function
Saved combined listings to:  /home/tuukka/python_scripts/etuovi/all_listings.csv
Script completed at 2025-09-10 03:01:07.864102
/home/tuukka/python_scripts/etuovi/get_listings.py:456: FutureWarning: Setting an item of incompatible dtype is deprecated and will raise an error in a future version of pandas. Value '2008' has dtype incompatible with float64, please explicitly cast to a compatible dtype first.
  df_combined.at[idx, key] = value
/home/tuukka/python_scripts/etuovi/get_listings.py:456: FutureWarning: Setting an item of incompatible dtype is deprecated and will raise an error in a future version of pandas. Value '2008' has dtype incompatible with float64, please explicitly cast to a compatible dtype first.
  df_combined.at[idx, key] = value
/home/tuukka/python_scripts/etuovi/get_listings.py:456: FutureWarning: Setting an item of incompatible dtype is deprecated and will raise an error in a future version of pandas. Value '5' has dtype incompatible with float64, please explicitly cast to a compatible dtype first.
  df_combined.at[idx, key] = value
Käyttäjä: tuukka
HOME: /home/tuukka
Starting 'get_urls' function
Ei spotlight-mainosta tällä sivulla.
https://www.etuovi.com/myytavat-asunnot/oulu/heinapaa?haku=M2284191086
Siirrytään sivulle..
Sivu ladattu!
Cookies-popup error
An error occurred: Message: 
Stacktrace:
RemoteError@chrome://remote/content/shared/RemoteError.sys.mjs:8:8
WebDriverError@chrome://remote/content/shared/webdriver/Errors.sys.mjs:199:5
NoSuchElementError@chrome://remote/content/shared/webdriver/Errors.sys.mjs:552:5
dom.find/</<@chrome://remote/content/shared/DOM.sys.mjs:136:16


Käsitellään sivu 1: https://www.etuovi.com/myytavat-asunnot/oulu/heinapaa?haku=M2284191086&sivu=1
Spotlight-mainos poistettu.
Löytyi 30 uutta linkkiä

Käsitellään sivu 2: https://www.etuovi.com/myytavat-asunnot/oulu/heinapaa?haku=M2284191086&sivu=2
Spotlight-mainos poistettu.
Löytyi 25 uutta linkkiä

Käsitellään sivu 3: https://www.etuovi.com/myytavat-asunnot/oulu/heinapaa?haku=M2284191086&sivu=3
Spotlight-mainos poistettu.
Löytyi 0 uutta linkkiä
Ei uusia linkkejä – lopetetaan.
Writing 55 rows to 'latest_listings.csv'
Save complete!
Execution time: 44.70 seconds
Looking for all_listings.csv at: /home/tuukka/python_scripts/etuovi/all_listings.csv
Exists? True
Loaded latest listings from:  /home/tuukka/python_scripts/etuovi/latest_listings.csv
todays list has 55 listings
Old dataframe contains 80 listings
Startins 'get_soup' function
Saved combined listings to:  /home/tuukka/python_scripts/etuovi/all_listings.csv
Script completed at 2025-09-11 03:01:10.585829
/home/tuukka/python_scripts/etuovi/get_listings.py:456: FutureWarning: Setting an item of incompatible dtype is deprecated and will raise an error in a future version of pandas. Value '2008' has dtype incompatible with float64, please explicitly cast to a compatible dtype first.
  df_combined.at[idx, key] = value
/home/tuukka/python_scripts/etuovi/get_listings.py:456: FutureWarning: Setting an item of incompatible dtype is deprecated and will raise an error in a future version of pandas. Value '2008' has dtype incompatible with float64, please explicitly cast to a compatible dtype first.
  df_combined.at[idx, key] = value
Käyttäjä: tuukka
HOME: /home/tuukka
Starting 'get_urls' function
Ei spotlight-mainosta tällä sivulla.
https://www.etuovi.com/myytavat-asunnot/oulu/heinapaa?haku=M2284191086
Siirrytään sivulle..
Sivu ladattu!
Cookies-popup error
An error occurred: Message: 
Stacktrace:
RemoteError@chrome://remote/content/shared/RemoteError.sys.mjs:8:8
WebDriverError@chrome://remote/content/shared/webdriver/Errors.sys.mjs:199:5
NoSuchElementError@chrome://remote/content/shared/webdriver/Errors.sys.mjs:552:5
dom.find/</<@chrome://remote/content/shared/DOM.sys.mjs:136:16


Käsitellään sivu 1: https://www.etuovi.com/myytavat-asunnot/oulu/heinapaa?haku=M2284191086&sivu=1
Spotlight-mainos poistettu.
Löytyi 30 uutta linkkiä

Käsitellään sivu 2: https://www.etuovi.com/myytavat-asunnot/oulu/heinapaa?haku=M2284191086&sivu=2
Spotlight-mainos poistettu.
Löytyi 23 uutta linkkiä

Käsitellään sivu 3: https://www.etuovi.com/myytavat-asunnot/oulu/heinapaa?haku=M2284191086&sivu=3
Spotlight-mainos poistettu.
Löytyi 0 uutta linkkiä
Ei uusia linkkejä – lopetetaan.
Writing 53 rows to 'latest_listings.csv'
Save complete!
Execution time: 50.25 seconds
Looking for all_listings.csv at: /home/tuukka/python_scripts/etuovi/all_listings.csv
Exists? True
Loaded latest listings from:  /home/tuukka/python_scripts/etuovi/latest_listings.csv
todays list has 53 listings
Old dataframe contains 131 listings
Startins 'get_soup' function
Saved combined listings to:  /home/tuukka/python_scripts/etuovi/all_listings.csv
Script completed at 2026-01-02 03:01:36.303497
/home/tuukka/python_scripts/etuovi/get_listings.py:456: FutureWarning: Setting an item of incompatible dtype is deprecated and will raise an error in a future version of pandas. Value '2008' has dtype incompatible with float64, please explicitly cast to a compatible dtype first.
  df_combined.at[idx, key] = value
/home/tuukka/python_scripts/etuovi/get_listings.py:456: FutureWarning: Setting an item of incompatible dtype is deprecated and will raise an error in a future version of pandas. Value '2008' has dtype incompatible with float64, please explicitly cast to a compatible dtype first.
  df_combined.at[idx, key] = value
Käyttäjä: tuukka
HOME: /home/tuukka
Starting 'get_urls' function
Ei spotlight-mainosta tällä sivulla.
https://www.etuovi.com/myytavat-asunnot/oulu/heinapaa?haku=M2284191086
Siirrytään sivulle..
Sivu ladattu!
Cookies-popup error
An error occurred: Message: 
Stacktrace:
RemoteError@chrome://remote/content/shared/RemoteError.sys.mjs:8:8
WebDriverError@chrome://remote/content/shared/webdriver/Errors.sys.mjs:199:5
NoSuchElementError@chrome://remote/content/shared/webdriver/Errors.sys.mjs:552:5
dom.find/</<@chrome://remote/content/shared/DOM.sys.mjs:136:16


Käsitellään sivu 1: https://www.etuovi.com/myytavat-asunnot/oulu/heinapaa?haku=M2284191086&sivu=1
Spotlight-mainos poistettu.
Löytyi 30 uutta linkkiä

Käsitellään sivu 2: https://www.etuovi.com/myytavat-asunnot/oulu/heinapaa?haku=M2284191086&sivu=2
Spotlight-mainos poistettu.
Löytyi 23 uutta linkkiä

Käsitellään sivu 3: https://www.etuovi.com/myytavat-asunnot/oulu/heinapaa?haku=M2284191086&sivu=3
Spotlight-mainos poistettu.
Löytyi 0 uutta linkkiä
Ei uusia linkkejä – lopetetaan.
Writing 53 rows to 'latest_listings.csv'
Save complete!
Execution time: 46.35 seconds
Looking for all_listings.csv at: /home/tuukka/python_scripts/etuovi/all_listings.csv
Exists? True
Loaded latest listings from:  /home/tuukka/python_scripts/etuovi/latest_listings.csv
todays list has 53 listings
Old dataframe contains 132 listings
Startins 'get_soup' function
Saved combined listings to:  /home/tuukka/python_scripts/etuovi/all_listings.csv
Script completed at 2026-01-03 03:01:25.882204
/home/tuukka/python_scripts/etuovi/get_listings.py:456: FutureWarning: Setting an item of incompatible dtype is deprecated and will raise an error in a future version of pandas. Value '2008' has dtype incompatible with float64, please explicitly cast to a compatible dtype first.
  df_combined.at[idx, key] = value
/home/tuukka/python_scripts/etuovi/get_listings.py:456: FutureWarning: Setting an item of incompatible dtype is deprecated and will raise an error in a future version of pandas. Value '2008' has dtype incompatible with float64, please explicitly cast to a compatible dtype first.
  df_combined.at[idx, key] = value
Käyttäjä: tuukka
HOME: /home/tuukka
Starting 'get_urls' function
Ei spotlight-mainosta tällä sivulla.
https://www.etuovi.com/myytavat-asunnot/oulu/heinapaa?haku=M2284191086
Siirrytään sivulle..
Sivu ladattu!
Cookies-popup error
An error occurred: Message: 
Stacktrace:
RemoteError@chrome://remote/content/shared/RemoteError.sys.mjs:8:8
WebDriverError@chrome://remote/content/shared/webdriver/Errors.sys.mjs:199:5
NoSuchElementError@chrome://remote/content/shared/webdriver/Errors.sys.mjs:552:5
dom.find/</<@chrome://remote/content/shared/DOM.sys.mjs:136:16


Käsitellään sivu 1: https://www.etuovi.com/myytavat-asunnot/oulu/heinapaa?haku=M2284191086&sivu=1
Spotlight-mainos poistettu.
Löytyi 30 uutta linkkiä

Käsitellään sivu 2: https://www.etuovi.com/myytavat-asunnot/oulu/heinapaa?haku=M2284191086&sivu=2
Spotlight-mainos poistettu.
Löytyi 23 uutta linkkiä

Käsitellään sivu 3: https://www.etuovi.com/myytavat-asunnot/oulu/heinapaa?haku=M2284191086&sivu=3
Spotlight-mainos poistettu.
Löytyi 0 uutta linkkiä
Ei uusia linkkejä – lopetetaan.
Writing 53 rows to 'latest_listings.csv'
Save complete!
Execution time: 41.10 seconds
Looking for all_listings.csv at: /home/tuukka/python_scripts/etuovi/all_listings.csv
Exists? True
Loaded latest listings from:  /home/tuukka/python_scripts/etuovi/latest_listings.csv
todays list has 53 listings
Old dataframe contains 132 listings
Startins 'get_soup' function
Saved combined listings to:  /home/tuukka/python_scripts/etuovi/all_listings.csv
Script completed at 2026-01-04 03:01:21.363683
/home/tuukka/python_scripts/etuovi/get_listings.py:456: FutureWarning: Setting an item of incompatible dtype is deprecated and will raise an error in a future version of pandas. Value '2008' has dtype incompatible with float64, please explicitly cast to a compatible dtype first.
  df_combined.at[idx, key] = value
/home/tuukka/python_scripts/etuovi/get_listings.py:456: FutureWarning: Setting an item of incompatible dtype is deprecated and will raise an error in a future version of pandas. Value '2008' has dtype incompatible with float64, please explicitly cast to a compatible dtype first.
  df_combined.at[idx, key] = value
Käyttäjä: tuukka
HOME: /home/tuukka
Starting 'get_urls' function
Ei spotlight-mainosta tällä sivulla.
https://www.etuovi.com/myytavat-asunnot/oulu/heinapaa?haku=M2284191086
Siirrytään sivulle..
Sivu ladattu!
Cookies-popup error
An error occurred: Message: 
Stacktrace:
RemoteError@chrome://remote/content/shared/RemoteError.sys.mjs:8:8
WebDriverError@chrome://remote/content/shared/webdriver/Errors.sys.mjs:199:5
NoSuchElementError@chrome://remote/content/shared/webdriver/Errors.sys.mjs:552:5
dom.find/</<@chrome://remote/content/shared/DOM.sys.mjs:136:16


Käsitellään sivu 1: https://www.etuovi.com/myytavat-asunnot/oulu/heinapaa?haku=M2284191086&sivu=1
Spotlight-mainos poistettu.
Löytyi 30 uutta linkkiä

Käsitellään sivu 2: https://www.etuovi.com/myytavat-asunnot/oulu/heinapaa?haku=M2284191086&sivu=2
Spotlight-mainos poistettu.
Löytyi 23 uutta linkkiä

Käsitellään sivu 3: https://www.etuovi.com/myytavat-asunnot/oulu/heinapaa?haku=M2284191086&sivu=3
Spotlight-mainos poistettu.
Löytyi 0 uutta linkkiä
Ei uusia linkkejä – lopetetaan.
Writing 53 rows to 'latest_listings.csv'
Save complete!
Execution time: 55.65 seconds
Looking for all_listings.csv at: /home/tuukka/python_scripts/etuovi/all_listings.csv
Exists? True
Loaded latest listings from:  /home/tuukka/python_scripts/etuovi/latest_listings.csv
todays list has 53 listings
Old dataframe contains 132 listings
Startins 'get_soup' function
Saved combined listings to:  /home/tuukka/python_scripts/etuovi/all_listings.csv
Script completed at 2026-01-05 03:01:35.038961
/home/tuukka/python_scripts/etuovi/get_listings.py:456: FutureWarning: Setting an item of incompatible dtype is deprecated and will raise an error in a future version of pandas. Value '2008' has dtype incompatible with float64, please explicitly cast to a compatible dtype first.
  df_combined.at[idx, key] = value
/home/tuukka/python_scripts/etuovi/get_listings.py:456: FutureWarning: Setting an item of incompatible dtype is deprecated and will raise an error in a future version of pandas. Value '2008' has dtype incompatible with float64, please explicitly cast to a compatible dtype first.
  df_combined.at[idx, key] = value
Käyttäjä: tuukka
HOME: /home/tuukka
Starting 'get_urls' function
Ei spotlight-mainosta tällä sivulla.
https://www.etuovi.com/myytavat-asunnot/oulu/heinapaa?haku=M2284191086
Siirrytään sivulle..
Sivu ladattu!
Cookies-popup error
An error occurred: Message: 
Stacktrace:
RemoteError@chrome://remote/content/shared/RemoteError.sys.mjs:8:8
WebDriverError@chrome://remote/content/shared/webdriver/Errors.sys.mjs:199:5
NoSuchElementError@chrome://remote/content/shared/webdriver/Errors.sys.mjs:552:5
dom.find/</<@chrome://remote/content/shared/DOM.sys.mjs:136:16


Käsitellään sivu 1: https://www.etuovi.com/myytavat-asunnot/oulu/heinapaa?haku=M2284191086&sivu=1
Spotlight-mainos poistettu.
Löytyi 30 uutta linkkiä

Käsitellään sivu 2: https://www.etuovi.com/myytavat-asunnot/oulu/heinapaa?haku=M2284191086&sivu=2
Spotlight-mainos poistettu.
Löytyi 23 uutta linkkiä

Käsitellään sivu 3: https://www.etuovi.com/myytavat-asunnot/oulu/heinapaa?haku=M2284191086&sivu=3
Spotlight-mainos poistettu.
Löytyi 0 uutta linkkiä
Ei uusia linkkejä – lopetetaan.
Writing 53 rows to 'latest_listings.csv'
Save complete!
Execution time: 45.47 seconds
Looking for all_listings.csv at: /home/tuukka/python_scripts/etuovi/all_listings.csv
Exists? True
Loaded latest listings from:  /home/tuukka/python_scripts/etuovi/latest_listings.csv
todays list has 53 listings
Old dataframe contains 132 listings
Startins 'get_soup' function
Saved combined listings to:  /home/tuukka/python_scripts/etuovi/all_listings.csv
Script completed at 2026-01-06 03:01:25.226682
/home/tuukka/python_scripts/etuovi/get_listings.py:456: FutureWarning: Setting an item of incompatible dtype is deprecated and will raise an error in a future version of pandas. Value '2008' has dtype incompatible with float64, please explicitly cast to a compatible dtype first.
  df_combined.at[idx, key] = value
/home/tuukka/python_scripts/etuovi/get_listings.py:456: FutureWarning: Setting an item of incompatible dtype is deprecated and will raise an error in a future version of pandas. Value '2008' has dtype incompatible with float64, please explicitly cast to a compatible dtype first.
  df_combined.at[idx, key] = value
Käyttäjä: tuukka
HOME: /home/tuukka
Starting 'get_urls' function
Ei spotlight-mainosta tällä sivulla.
https://www.etuovi.com/myytavat-asunnot/oulu/heinapaa?haku=M2284191086
Siirrytään sivulle..
Sivu ladattu!
Cookies-popup error
An error occurred: Message: 
Stacktrace:
RemoteError@chrome://remote/content/shared/RemoteError.sys.mjs:8:8
WebDriverError@chrome://remote/content/shared/webdriver/Errors.sys.mjs:199:5
NoSuchElementError@chrome://remote/content/shared/webdriver/Errors.sys.mjs:552:5
dom.find/</<@chrome://remote/content/shared/DOM.sys.mjs:136:16


Käsitellään sivu 1: https://www.etuovi.com/myytavat-asunnot/oulu/heinapaa?haku=M2284191086&sivu=1
Spotlight-mainos poistettu.
Löytyi 30 uutta linkkiä

Käsitellään sivu 2: https://www.etuovi.com/myytavat-asunnot/oulu/heinapaa?haku=M2284191086&sivu=2
Spotlight-mainos poistettu.
Löytyi 24 uutta linkkiä

Käsitellään sivu 3: https://www.etuovi.com/myytavat-asunnot/oulu/heinapaa?haku=M2284191086&sivu=3
Spotlight-mainos poistettu.
Löytyi 0 uutta linkkiä
Ei uusia linkkejä – lopetetaan.
Writing 54 rows to 'latest_listings.csv'
Save complete!
Execution time: 55.07 seconds
Looking for all_listings.csv at: /home/tuukka/python_scripts/etuovi/all_listings.csv
Exists? True
Loaded latest listings from:  /home/tuukka/python_scripts/etuovi/latest_listings.csv
todays list has 54 listings
Old dataframe contains 132 listings
Startins 'get_soup' function
Saved combined listings to:  /home/tuukka/python_scripts/etuovi/all_listings.csv
Script completed at 2026-01-07 03:01:34.738221
/home/tuukka/python_scripts/etuovi/get_listings.py:456: FutureWarning: Setting an item of incompatible dtype is deprecated and will raise an error in a future version of pandas. Value '2008' has dtype incompatible with float64, please explicitly cast to a compatible dtype first.
  df_combined.at[idx, key] = value
/home/tuukka/python_scripts/etuovi/get_listings.py:456: FutureWarning: Setting an item of incompatible dtype is deprecated and will raise an error in a future version of pandas. Value '2008' has dtype incompatible with float64, please explicitly cast to a compatible dtype first.
  df_combined.at[idx, key] = value
Käyttäjä: tuukka
HOME: /home/tuukka
Starting 'get_urls' function
Ei spotlight-mainosta tällä sivulla.
https://www.etuovi.com/myytavat-asunnot/oulu/heinapaa?haku=M2284191086
Siirrytään sivulle..
Sivu ladattu!
Cookies-popup error
An error occurred: Message: 
Stacktrace:
RemoteError@chrome://remote/content/shared/RemoteError.sys.mjs:8:8
WebDriverError@chrome://remote/content/shared/webdriver/Errors.sys.mjs:199:5
NoSuchElementError@chrome://remote/content/shared/webdriver/Errors.sys.mjs:552:5
dom.find/</<@chrome://remote/content/shared/DOM.sys.mjs:136:16


Käsitellään sivu 1: https://www.etuovi.com/myytavat-asunnot/oulu/heinapaa?haku=M2284191086&sivu=1
Spotlight-mainos poistettu.
Löytyi 30 uutta linkkiä

Käsitellään sivu 2: https://www.etuovi.com/myytavat-asunnot/oulu/heinapaa?haku=M2284191086&sivu=2
Spotlight-mainos poistettu.
Löytyi 22 uutta linkkiä

Käsitellään sivu 3: https://www.etuovi.com/myytavat-asunnot/oulu/heinapaa?haku=M2284191086&sivu=3
Spotlight-mainos poistettu.
Löytyi 0 uutta linkkiä
Ei uusia linkkejä – lopetetaan.
Writing 52 rows to 'latest_listings.csv'
Save complete!
Execution time: 53.83 seconds
Looking for all_listings.csv at: /home/tuukka/python_scripts/etuovi/all_listings.csv
Exists? True
Loaded latest listings from:  /home/tuukka/python_scripts/etuovi/latest_listings.csv
todays list has 52 listings
Old dataframe contains 132 listings
Startins 'get_soup' function
Saved combined listings to:  /home/tuukka/python_scripts/etuovi/all_listings.csv
Script completed at 2026-01-08 03:01:35.210780
/home/tuukka/python_scripts/etuovi/get_listings.py:456: FutureWarning: Setting an item of incompatible dtype is deprecated and will raise an error in a future version of pandas. Value '2008' has dtype incompatible with float64, please explicitly cast to a compatible dtype first.
  df_combined.at[idx, key] = value
/home/tuukka/python_scripts/etuovi/get_listings.py:456: FutureWarning: Setting an item of incompatible dtype is deprecated and will raise an error in a future version of pandas. Value '2008' has dtype incompatible with float64, please explicitly cast to a compatible dtype first.
  df_combined.at[idx, key] = value
Käyttäjä: tuukka
HOME: /home/tuukka
Starting 'get_urls' function
Ei spotlight-mainosta tällä sivulla.
https://www.etuovi.com/myytavat-asunnot/oulu/heinapaa?haku=M2284191086
Siirrytään sivulle..
Sivu ladattu!
Cookies-popup error
An error occurred: Message: 
Stacktrace:
RemoteError@chrome://remote/content/shared/RemoteError.sys.mjs:8:8
WebDriverError@chrome://remote/content/shared/webdriver/Errors.sys.mjs:199:5
NoSuchElementError@chrome://remote/content/shared/webdriver/Errors.sys.mjs:552:5
dom.find/</<@chrome://remote/content/shared/DOM.sys.mjs:136:16


Käsitellään sivu 1: https://www.etuovi.com/myytavat-asunnot/oulu/heinapaa?haku=M2284191086&sivu=1
Spotlight-mainos poistettu.
Löytyi 30 uutta linkkiä

Käsitellään sivu 2: https://www.etuovi.com/myytavat-asunnot/oulu/heinapaa?haku=M2284191086&sivu=2
Spotlight-mainos poistettu.
Löytyi 23 uutta linkkiä

Käsitellään sivu 3: https://www.etuovi.com/myytavat-asunnot/oulu/heinapaa?haku=M2284191086&sivu=3
Spotlight-mainos poistettu.
Löytyi 0 uutta linkkiä
Ei uusia linkkejä – lopetetaan.
Writing 53 rows to 'latest_listings.csv'
Save complete!
Execution time: 33.78 seconds
Looking for all_listings.csv at: /home/tuukka/python_scripts/etuovi/all_listings.csv
Exists? True
Loaded latest listings from:  /home/tuukka/python_scripts/etuovi/latest_listings.csv
todays list has 53 listings
Old dataframe contains 132 listings
Startins 'get_soup' function
Saved combined listings to:  /home/tuukka/python_scripts/etuovi/all_listings.csv
Script completed at 2026-01-09 03:01:19.055835
/home/tuukka/python_scripts/etuovi/get_listings.py:456: FutureWarning: Setting an item of incompatible dtype is deprecated and will raise an error in a future version of pandas. Value '2008' has dtype incompatible with float64, please explicitly cast to a compatible dtype first.
  df_combined.at[idx, key] = value
/home/tuukka/python_scripts/etuovi/get_listings.py:456: FutureWarning: Setting an item of incompatible dtype is deprecated and will raise an error in a future version of pandas. Value '2008' has dtype incompatible with float64, please explicitly cast to a compatible dtype first.
  df_combined.at[idx, key] = value
Käyttäjä: tuukka
HOME: /home/tuukka
Starting 'get_urls' function
Ei spotlight-mainosta tällä sivulla.
https://www.etuovi.com/myytavat-asunnot/oulu/heinapaa?haku=M2284191086
Siirrytään sivulle..
Sivu ladattu!
Cookies-popup error
An error occurred: Message: 
Stacktrace:
RemoteError@chrome://remote/content/shared/RemoteError.sys.mjs:8:8
WebDriverError@chrome://remote/content/shared/webdriver/Errors.sys.mjs:199:5
NoSuchElementError@chrome://remote/content/shared/webdriver/Errors.sys.mjs:552:5
dom.find/</<@chrome://remote/content/shared/DOM.sys.mjs:136:16


Käsitellään sivu 1: https://www.etuovi.com/myytavat-asunnot/oulu/heinapaa?haku=M2284191086&sivu=1
Spotlight-mainos poistettu.
Löytyi 30 uutta linkkiä

Käsitellään sivu 2: https://www.etuovi.com/myytavat-asunnot/oulu/heinapaa?haku=M2284191086&sivu=2
Spotlight-mainos poistettu.
Löytyi 23 uutta linkkiä

Käsitellään sivu 3: https://www.etuovi.com/myytavat-asunnot/oulu/heinapaa?haku=M2284191086&sivu=3
Spotlight-mainos poistettu.
Löytyi 0 uutta linkkiä
Ei uusia linkkejä – lopetetaan.
Writing 53 rows to 'latest_listings.csv'
Save complete!
Execution time: 41.02 seconds
Looking for all_listings.csv at: /home/tuukka/python_scripts/etuovi/all_listings.csv
Exists? True
Loaded latest listings from:  /home/tuukka/python_scripts/etuovi/latest_listings.csv
todays list has 53 listings
Old dataframe contains 133 listings
Startins 'get_soup' function
Saved combined listings to:  /home/tuukka/python_scripts/etuovi/all_listings.csv
Script completed at 2026-01-10 03:01:20.848641
/home/tuukka/python_scripts/etuovi/get_listings.py:456: FutureWarning: Setting an item of incompatible dtype is deprecated and will raise an error in a future version of pandas. Value '2008' has dtype incompatible with float64, please explicitly cast to a compatible dtype first.
  df_combined.at[idx, key] = value
/home/tuukka/python_scripts/etuovi/get_listings.py:456: FutureWarning: Setting an item of incompatible dtype is deprecated and will raise an error in a future version of pandas. Value '2008' has dtype incompatible with float64, please explicitly cast to a compatible dtype first.
  df_combined.at[idx, key] = value
Käyttäjä: tuukka
HOME: /home/tuukka
Starting 'get_urls' function
Ei spotlight-mainosta tällä sivulla.
https://www.etuovi.com/myytavat-asunnot/oulu/heinapaa?haku=M2284191086
Siirrytään sivulle..
Sivu ladattu!
Cookies-popup error
An error occurred: Message: 
Stacktrace:
RemoteError@chrome://remote/content/shared/RemoteError.sys.mjs:8:8
WebDriverError@chrome://remote/content/shared/webdriver/Errors.sys.mjs:199:5
NoSuchElementError@chrome://remote/content/shared/webdriver/Errors.sys.mjs:552:5
dom.find/</<@chrome://remote/content/shared/DOM.sys.mjs:136:16


Käsitellään sivu 1: https://www.etuovi.com/myytavat-asunnot/oulu/heinapaa?haku=M2284191086&sivu=1
Spotlight-mainos poistettu.
Löytyi 30 uutta linkkiä

Käsitellään sivu 2: https://www.etuovi.com/myytavat-asunnot/oulu/heinapaa?haku=M2284191086&sivu=2
Spotlight-mainos poistettu.
Löytyi 23 uutta linkkiä

Käsitellään sivu 3: https://www.etuovi.com/myytavat-asunnot/oulu/heinapaa?haku=M2284191086&sivu=3
Spotlight-mainos poistettu.
Löytyi 0 uutta linkkiä
Ei uusia linkkejä – lopetetaan.
Writing 53 rows to 'latest_listings.csv'
Save complete!
Execution time: 61.04 seconds
Looking for all_listings.csv at: /home/tuukka/python_scripts/etuovi/all_listings.csv
Exists? True
Loaded latest listings from:  /home/tuukka/python_scripts/etuovi/latest_listings.csv
todays list has 53 listings
Old dataframe contains 133 listings
Startins 'get_soup' function
Saved combined listings to:  /home/tuukka/python_scripts/etuovi/all_listings.csv
Script completed at 2026-01-11 03:01:41.386393
/home/tuukka/python_scripts/etuovi/get_listings.py:456: FutureWarning: Setting an item of incompatible dtype is deprecated and will raise an error in a future version of pandas. Value '2008' has dtype incompatible with float64, please explicitly cast to a compatible dtype first.
  df_combined.at[idx, key] = value
/home/tuukka/python_scripts/etuovi/get_listings.py:456: FutureWarning: Setting an item of incompatible dtype is deprecated and will raise an error in a future version of pandas. Value '2008' has dtype incompatible with float64, please explicitly cast to a compatible dtype first.
  df_combined.at[idx, key] = value
Käyttäjä: tuukka
HOME: /home/tuukka
Starting 'get_urls' function
Ei spotlight-mainosta tällä sivulla.
https://www.etuovi.com/myytavat-asunnot/oulu/heinapaa?haku=M2284191086
Siirrytään sivulle..
Sivu ladattu!
Cookies-popup error
An error occurred: Message: 
Stacktrace:
RemoteError@chrome://remote/content/shared/RemoteError.sys.mjs:8:8
WebDriverError@chrome://remote/content/shared/webdriver/Errors.sys.mjs:199:5
NoSuchElementError@chrome://remote/content/shared/webdriver/Errors.sys.mjs:552:5
dom.find/</<@chrome://remote/content/shared/DOM.sys.mjs:136:16


Käsitellään sivu 1: https://www.etuovi.com/myytavat-asunnot/oulu/heinapaa?haku=M2284191086&sivu=1
Spotlight-mainos poistettu.
Löytyi 30 uutta linkkiä

Käsitellään sivu 2: https://www.etuovi.com/myytavat-asunnot/oulu/heinapaa?haku=M2284191086&sivu=2
Spotlight-mainos poistettu.
Löytyi 24 uutta linkkiä

Käsitellään sivu 3: https://www.etuovi.com/myytavat-asunnot/oulu/heinapaa?haku=M2284191086&sivu=3
Spotlight-mainos poistettu.
Löytyi 0 uutta linkkiä
Ei uusia linkkejä – lopetetaan.
Writing 54 rows to 'latest_listings.csv'
Save complete!
Execution time: 50.89 seconds
Looking for all_listings.csv at: /home/tuukka/python_scripts/etuovi/all_listings.csv
Exists? True
Loaded latest listings from:  /home/tuukka/python_scripts/etuovi/latest_listings.csv
todays list has 54 listings
Old dataframe contains 133 listings
Startins 'get_soup' function
Saved combined listings to:  /home/tuukka/python_scripts/etuovi/all_listings.csv
Script completed at 2026-01-12 03:01:35.894797
/home/tuukka/python_scripts/etuovi/get_listings.py:456: FutureWarning: Setting an item of incompatible dtype is deprecated and will raise an error in a future version of pandas. Value '2008' has dtype incompatible with float64, please explicitly cast to a compatible dtype first.
  df_combined.at[idx, key] = value
/home/tuukka/python_scripts/etuovi/get_listings.py:456: FutureWarning: Setting an item of incompatible dtype is deprecated and will raise an error in a future version of pandas. Value '2008' has dtype incompatible with float64, please explicitly cast to a compatible dtype first.
  df_combined.at[idx, key] = value
Käyttäjä: tuukka
HOME: /home/tuukka
Starting 'get_urls' function
Ei spotlight-mainosta tällä sivulla.
https://www.etuovi.com/myytavat-asunnot/oulu/heinapaa?haku=M2284191086
Siirrytään sivulle..
Sivu ladattu!
Cookies-popup error
An error occurred: Message: 
Stacktrace:
RemoteError@chrome://remote/content/shared/RemoteError.sys.mjs:8:8
WebDriverError@chrome://remote/content/shared/webdriver/Errors.sys.mjs:199:5
NoSuchElementError@chrome://remote/content/shared/webdriver/Errors.sys.mjs:552:5
dom.find/</<@chrome://remote/content/shared/DOM.sys.mjs:136:16


Käsitellään sivu 1: https://www.etuovi.com/myytavat-asunnot/oulu/heinapaa?haku=M2284191086&sivu=1
Spotlight-mainos poistettu.
Löytyi 30 uutta linkkiä

Käsitellään sivu 2: https://www.etuovi.com/myytavat-asunnot/oulu/heinapaa?haku=M2284191086&sivu=2
Spotlight-mainos poistettu.
Löytyi 23 uutta linkkiä

Käsitellään sivu 3: https://www.etuovi.com/myytavat-asunnot/oulu/heinapaa?haku=M2284191086&sivu=3
Spotlight-mainos poistettu.
Löytyi 0 uutta linkkiä
Ei uusia linkkejä – lopetetaan.
Writing 53 rows to 'latest_listings.csv'
Save complete!
Execution time: 48.04 seconds
Looking for all_listings.csv at: /home/tuukka/python_scripts/etuovi/all_listings.csv
Exists? True
Loaded latest listings from:  /home/tuukka/python_scripts/etuovi/latest_listings.csv
todays list has 53 listings
Old dataframe contains 134 listings
Startins 'get_soup' function
Saved combined listings to:  /home/tuukka/python_scripts/etuovi/all_listings.csv
Script completed at 2026-01-13 03:01:29.427524
/home/tuukka/python_scripts/etuovi/get_listings.py:456: FutureWarning: Setting an item of incompatible dtype is deprecated and will raise an error in a future version of pandas. Value '2008' has dtype incompatible with float64, please explicitly cast to a compatible dtype first.
  df_combined.at[idx, key] = value
/home/tuukka/python_scripts/etuovi/get_listings.py:456: FutureWarning: Setting an item of incompatible dtype is deprecated and will raise an error in a future version of pandas. Value '2008' has dtype incompatible with float64, please explicitly cast to a compatible dtype first.
  df_combined.at[idx, key] = value
Käyttäjä: tuukka
HOME: /home/tuukka
Starting 'get_urls' function
Ei spotlight-mainosta tällä sivulla.
https://www.etuovi.com/myytavat-asunnot/oulu/heinapaa?haku=M2284191086
Siirrytään sivulle..
Sivu ladattu!
Cookies-popup error
An error occurred: Message: 
Stacktrace:
RemoteError@chrome://remote/content/shared/RemoteError.sys.mjs:8:8
WebDriverError@chrome://remote/content/shared/webdriver/Errors.sys.mjs:199:5
NoSuchElementError@chrome://remote/content/shared/webdriver/Errors.sys.mjs:552:5
dom.find/</<@chrome://remote/content/shared/DOM.sys.mjs:136:16


Käsitellään sivu 1: https://www.etuovi.com/myytavat-asunnot/oulu/heinapaa?haku=M2284191086&sivu=1
Spotlight-mainos poistettu.
Löytyi 30 uutta linkkiä

Käsitellään sivu 2: https://www.etuovi.com/myytavat-asunnot/oulu/heinapaa?haku=M2284191086&sivu=2
Spotlight-mainos poistettu.
Löytyi 23 uutta linkkiä

Käsitellään sivu 3: https://www.etuovi.com/myytavat-asunnot/oulu/heinapaa?haku=M2284191086&sivu=3
Spotlight-mainos poistettu.
Löytyi 0 uutta linkkiä
Ei uusia linkkejä – lopetetaan.
Writing 53 rows to 'latest_listings.csv'
Save complete!
Execution time: 52.91 seconds
Looking for all_listings.csv at: /home/tuukka/python_scripts/etuovi/all_listings.csv
Exists? True
Loaded latest listings from:  /home/tuukka/python_scripts/etuovi/latest_listings.csv
todays list has 53 listings
Old dataframe contains 134 listings
Startins 'get_soup' function
Saved combined listings to:  /home/tuukka/python_scripts/etuovi/all_listings.csv
Script completed at 2026-01-14 03:01:33.947374
/home/tuukka/python_scripts/etuovi/get_listings.py:456: FutureWarning: Setting an item of incompatible dtype is deprecated and will raise an error in a future version of pandas. Value '2008' has dtype incompatible with float64, please explicitly cast to a compatible dtype first.
  df_combined.at[idx, key] = value
/home/tuukka/python_scripts/etuovi/get_listings.py:456: FutureWarning: Setting an item of incompatible dtype is deprecated and will raise an error in a future version of pandas. Value '2008' has dtype incompatible with float64, please explicitly cast to a compatible dtype first.
  df_combined.at[idx, key] = value
Käyttäjä: tuukka
HOME: /home/tuukka
Starting 'get_urls' function
Ei spotlight-mainosta tällä sivulla.
https://www.etuovi.com/myytavat-asunnot/oulu/heinapaa?haku=M2284191086
Siirrytään sivulle..
Sivu ladattu!
Cookies-popup error
An error occurred: Message: 
Stacktrace:
RemoteError@chrome://remote/content/shared/RemoteError.sys.mjs:8:8
WebDriverError@chrome://remote/content/shared/webdriver/Errors.sys.mjs:199:5
NoSuchElementError@chrome://remote/content/shared/webdriver/Errors.sys.mjs:552:5
dom.find/</<@chrome://remote/content/shared/DOM.sys.mjs:136:16


Käsitellään sivu 1: https://www.etuovi.com/myytavat-asunnot/oulu/heinapaa?haku=M2284191086&sivu=1
Spotlight-mainos poistettu.
Löytyi 30 uutta linkkiä

Käsitellään sivu 2: https://www.etuovi.com/myytavat-asunnot/oulu/heinapaa?haku=M2284191086&sivu=2
Spotlight-mainos poistettu.
Löytyi 22 uutta linkkiä

Käsitellään sivu 3: https://www.etuovi.com/myytavat-asunnot/oulu/heinapaa?haku=M2284191086&sivu=3
Spotlight-mainos poistettu.
Löytyi 0 uutta linkkiä
Ei uusia linkkejä – lopetetaan.
Writing 52 rows to 'latest_listings.csv'
Save complete!
Execution time: 36.24 seconds
Looking for all_listings.csv at: /home/tuukka/python_scripts/etuovi/all_listings.csv
Exists? True
Loaded latest listings from:  /home/tuukka/python_scripts/etuovi/latest_listings.csv
todays list has 52 listings
Old dataframe contains 134 listings
Startins 'get_soup' function
Saved combined listings to:  /home/tuukka/python_scripts/etuovi/all_listings.csv
Script completed at 2026-01-15 03:01:16.860606
/home/tuukka/python_scripts/etuovi/get_listings.py:456: FutureWarning: Setting an item of incompatible dtype is deprecated and will raise an error in a future version of pandas. Value '2008' has dtype incompatible with float64, please explicitly cast to a compatible dtype first.
  df_combined.at[idx, key] = value
/home/tuukka/python_scripts/etuovi/get_listings.py:456: FutureWarning: Setting an item of incompatible dtype is deprecated and will raise an error in a future version of pandas. Value '2008' has dtype incompatible with float64, please explicitly cast to a compatible dtype first.
  df_combined.at[idx, key] = value
Käyttäjä: tuukka
HOME: /home/tuukka
Starting 'get_urls' function
Ei spotlight-mainosta tällä sivulla.
https://www.etuovi.com/myytavat-asunnot/oulu/heinapaa?haku=M2284191086
Siirrytään sivulle..
Sivu ladattu!
Cookies-popup error
An error occurred: Message: 
Stacktrace:
RemoteError@chrome://remote/content/shared/RemoteError.sys.mjs:8:8
WebDriverError@chrome://remote/content/shared/webdriver/Errors.sys.mjs:199:5
NoSuchElementError@chrome://remote/content/shared/webdriver/Errors.sys.mjs:552:5
dom.find/</<@chrome://remote/content/shared/DOM.sys.mjs:136:16


Käsitellään sivu 1: https://www.etuovi.com/myytavat-asunnot/oulu/heinapaa?haku=M2284191086&sivu=1
Spotlight-mainos poistettu.
Löytyi 30 uutta linkkiä

Käsitellään sivu 2: https://www.etuovi.com/myytavat-asunnot/oulu/heinapaa?haku=M2284191086&sivu=2
Spotlight-mainos poistettu.
Löytyi 21 uutta linkkiä

Käsitellään sivu 3: https://www.etuovi.com/myytavat-asunnot/oulu/heinapaa?haku=M2284191086&sivu=3
Spotlight-mainos poistettu.
Löytyi 0 uutta linkkiä
Ei uusia linkkejä – lopetetaan.
Writing 51 rows to 'latest_listings.csv'
Save complete!
Execution time: 54.84 seconds
Looking for all_listings.csv at: /home/tuukka/python_scripts/etuovi/all_listings.csv
Exists? True
Loaded latest listings from:  /home/tuukka/python_scripts/etuovi/latest_listings.csv
todays list has 51 listings
Old dataframe contains 134 listings
Startins 'get_soup' function
Saved combined listings to:  /home/tuukka/python_scripts/etuovi/all_listings.csv
Script completed at 2026-01-16 03:01:35.608644
/home/tuukka/python_scripts/etuovi/get_listings.py:456: FutureWarning: Setting an item of incompatible dtype is deprecated and will raise an error in a future version of pandas. Value '2008' has dtype incompatible with float64, please explicitly cast to a compatible dtype first.
  df_combined.at[idx, key] = value
/home/tuukka/python_scripts/etuovi/get_listings.py:456: FutureWarning: Setting an item of incompatible dtype is deprecated and will raise an error in a future version of pandas. Value '2008' has dtype incompatible with float64, please explicitly cast to a compatible dtype first.
  df_combined.at[idx, key] = value
Käyttäjä: tuukka
HOME: /home/tuukka
Starting 'get_urls' function
Ei spotlight-mainosta tällä sivulla.
https://www.etuovi.com/myytavat-asunnot/oulu/heinapaa?haku=M2284191086
Siirrytään sivulle..
Sivu ladattu!
Cookies-popup error
An error occurred: Message: 
Stacktrace:
RemoteError@chrome://remote/content/shared/RemoteError.sys.mjs:8:8
WebDriverError@chrome://remote/content/shared/webdriver/Errors.sys.mjs:199:5
NoSuchElementError@chrome://remote/content/shared/webdriver/Errors.sys.mjs:552:5
dom.find/</<@chrome://remote/content/shared/DOM.sys.mjs:136:16


Käsitellään sivu 1: https://www.etuovi.com/myytavat-asunnot/oulu/heinapaa?haku=M2284191086&sivu=1
Spotlight-mainos poistettu.
Löytyi 30 uutta linkkiä

Käsitellään sivu 2: https://www.etuovi.com/myytavat-asunnot/oulu/heinapaa?haku=M2284191086&sivu=2
Spotlight-mainos poistettu.
Löytyi 21 uutta linkkiä

Käsitellään sivu 3: https://www.etuovi.com/myytavat-asunnot/oulu/heinapaa?haku=M2284191086&sivu=3
Spotlight-mainos poistettu.
Löytyi 0 uutta linkkiä
Ei uusia linkkejä – lopetetaan.
Writing 51 rows to 'latest_listings.csv'
Save complete!
Execution time: 41.35 seconds
Looking for all_listings.csv at: /home/tuukka/python_scripts/etuovi/all_listings.csv
Exists? True
Loaded latest listings from:  /home/tuukka/python_scripts/etuovi/latest_listings.csv
todays list has 51 listings
Old dataframe contains 134 listings
Startins 'get_soup' function
Saved combined listings to:  /home/tuukka/python_scripts/etuovi/all_listings.csv
Script completed at 2026-01-17 03:01:26.188169
/home/tuukka/python_scripts/etuovi/get_listings.py:456: FutureWarning: Setting an item of incompatible dtype is deprecated and will raise an error in a future version of pandas. Value '2008' has dtype incompatible with float64, please explicitly cast to a compatible dtype first.
  df_combined.at[idx, key] = value
/home/tuukka/python_scripts/etuovi/get_listings.py:456: FutureWarning: Setting an item of incompatible dtype is deprecated and will raise an error in a future version of pandas. Value '2008' has dtype incompatible with float64, please explicitly cast to a compatible dtype first.
  df_combined.at[idx, key] = value
Käyttäjä: tuukka
HOME: /home/tuukka
Starting 'get_urls' function
Ei spotlight-mainosta tällä sivulla.
https://www.etuovi.com/myytavat-asunnot/oulu/heinapaa?haku=M2284191086
Siirrytään sivulle..
Sivu ladattu!
Cookies-popup error
An error occurred: Message: 
Stacktrace:
RemoteError@chrome://remote/content/shared/RemoteError.sys.mjs:8:8
WebDriverError@chrome://remote/content/shared/webdriver/Errors.sys.mjs:199:5
NoSuchElementError@chrome://remote/content/shared/webdriver/Errors.sys.mjs:552:5
dom.find/</<@chrome://remote/content/shared/DOM.sys.mjs:136:16


Käsitellään sivu 1: https://www.etuovi.com/myytavat-asunnot/oulu/heinapaa?haku=M2284191086&sivu=1
Spotlight-mainos poistettu.
Löytyi 30 uutta linkkiä

Käsitellään sivu 2: https://www.etuovi.com/myytavat-asunnot/oulu/heinapaa?haku=M2284191086&sivu=2
Spotlight-mainos poistettu.
Löytyi 20 uutta linkkiä

Käsitellään sivu 3: https://www.etuovi.com/myytavat-asunnot/oulu/heinapaa?haku=M2284191086&sivu=3
Spotlight-mainos poistettu.
Löytyi 0 uutta linkkiä
Ei uusia linkkejä – lopetetaan.
Writing 50 rows to 'latest_listings.csv'
Save complete!
Execution time: 51.18 seconds
Looking for all_listings.csv at: /home/tuukka/python_scripts/etuovi/all_listings.csv
Exists? True
Loaded latest listings from:  /home/tuukka/python_scripts/etuovi/latest_listings.csv
todays list has 50 listings
Old dataframe contains 135 listings
Startins 'get_soup' function
Saved combined listings to:  /home/tuukka/python_scripts/etuovi/all_listings.csv
Script completed at 2026-01-18 03:01:32.915023
/home/tuukka/python_scripts/etuovi/get_listings.py:456: FutureWarning: Setting an item of incompatible dtype is deprecated and will raise an error in a future version of pandas. Value '2008' has dtype incompatible with float64, please explicitly cast to a compatible dtype first.
  df_combined.at[idx, key] = value
/home/tuukka/python_scripts/etuovi/get_listings.py:456: FutureWarning: Setting an item of incompatible dtype is deprecated and will raise an error in a future version of pandas. Value '2008' has dtype incompatible with float64, please explicitly cast to a compatible dtype first.
  df_combined.at[idx, key] = value
Käyttäjä: tuukka
HOME: /home/tuukka
Starting 'get_urls' function
Ei spotlight-mainosta tällä sivulla.
https://www.etuovi.com/myytavat-asunnot/oulu/heinapaa?haku=M2284191086
Siirrytään sivulle..
Sivu ladattu!
Cookies-popup error
An error occurred: Message: 
Stacktrace:
RemoteError@chrome://remote/content/shared/RemoteError.sys.mjs:8:8
WebDriverError@chrome://remote/content/shared/webdriver/Errors.sys.mjs:199:5
NoSuchElementError@chrome://remote/content/shared/webdriver/Errors.sys.mjs:552:5
dom.find/</<@chrome://remote/content/shared/DOM.sys.mjs:136:16


Käsitellään sivu 1: https://www.etuovi.com/myytavat-asunnot/oulu/heinapaa?haku=M2284191086&sivu=1
Spotlight-mainos poistettu.
Löytyi 30 uutta linkkiä

Käsitellään sivu 2: https://www.etuovi.com/myytavat-asunnot/oulu/heinapaa?haku=M2284191086&sivu=2
Spotlight-mainos poistettu.
Löytyi 18 uutta linkkiä

Käsitellään sivu 3: https://www.etuovi.com/myytavat-asunnot/oulu/heinapaa?haku=M2284191086&sivu=3
Spotlight-mainos poistettu.
Löytyi 0 uutta linkkiä
Ei uusia linkkejä – lopetetaan.
Writing 48 rows to 'latest_listings.csv'
Save complete!
Execution time: 37.33 seconds
Looking for all_listings.csv at: /home/tuukka/python_scripts/etuovi/all_listings.csv
Exists? True
Loaded latest listings from:  /home/tuukka/python_scripts/etuovi/latest_listings.csv
todays list has 48 listings
Old dataframe contains 135 listings
Startins 'get_soup' function
Saved combined listings to:  /home/tuukka/python_scripts/etuovi/all_listings.csv
Script completed at 2026-01-19 03:01:18.855863
/home/tuukka/python_scripts/etuovi/get_listings.py:456: FutureWarning: Setting an item of incompatible dtype is deprecated and will raise an error in a future version of pandas. Value '2008' has dtype incompatible with float64, please explicitly cast to a compatible dtype first.
  df_combined.at[idx, key] = value
/home/tuukka/python_scripts/etuovi/get_listings.py:456: FutureWarning: Setting an item of incompatible dtype is deprecated and will raise an error in a future version of pandas. Value '2008' has dtype incompatible with float64, please explicitly cast to a compatible dtype first.
  df_combined.at[idx, key] = value
Käyttäjä: tuukka
HOME: /home/tuukka
Starting 'get_urls' function
Ei spotlight-mainosta tällä sivulla.
https://www.etuovi.com/myytavat-asunnot/oulu/heinapaa?haku=M2284191086
Siirrytään sivulle..
Sivu ladattu!
Cookies-popup error
An error occurred: Message: 
Stacktrace:
RemoteError@chrome://remote/content/shared/RemoteError.sys.mjs:8:8
WebDriverError@chrome://remote/content/shared/webdriver/Errors.sys.mjs:199:5
NoSuchElementError@chrome://remote/content/shared/webdriver/Errors.sys.mjs:552:5
dom.find/</<@chrome://remote/content/shared/DOM.sys.mjs:136:16


Käsitellään sivu 1: https://www.etuovi.com/myytavat-asunnot/oulu/heinapaa?haku=M2284191086&sivu=1
Spotlight-mainos poistettu.
Löytyi 30 uutta linkkiä

Käsitellään sivu 2: https://www.etuovi.com/myytavat-asunnot/oulu/heinapaa?haku=M2284191086&sivu=2
Spotlight-mainos poistettu.
Löytyi 19 uutta linkkiä

Käsitellään sivu 3: https://www.etuovi.com/myytavat-asunnot/oulu/heinapaa?haku=M2284191086&sivu=3
Spotlight-mainos poistettu.
Löytyi 0 uutta linkkiä
Ei uusia linkkejä – lopetetaan.
Writing 49 rows to 'latest_listings.csv'
Save complete!
Execution time: 46.05 seconds
Looking for all_listings.csv at: /home/tuukka/python_scripts/etuovi/all_listings.csv
Exists? True
Loaded latest listings from:  /home/tuukka/python_scripts/etuovi/latest_listings.csv
todays list has 49 listings
Old dataframe contains 135 listings
Startins 'get_soup' function
Saved combined listings to:  /home/tuukka/python_scripts/etuovi/all_listings.csv
Script completed at 2026-01-20 03:01:29.207974
/home/tuukka/python_scripts/etuovi/get_listings.py:456: FutureWarning: Setting an item of incompatible dtype is deprecated and will raise an error in a future version of pandas. Value '2008' has dtype incompatible with float64, please explicitly cast to a compatible dtype first.
  df_combined.at[idx, key] = value
/home/tuukka/python_scripts/etuovi/get_listings.py:456: FutureWarning: Setting an item of incompatible dtype is deprecated and will raise an error in a future version of pandas. Value '2008' has dtype incompatible with float64, please explicitly cast to a compatible dtype first.
  df_combined.at[idx, key] = value
Käyttäjä: tuukka
HOME: /home/tuukka
Starting 'get_urls' function
Ei spotlight-mainosta tällä sivulla.
https://www.etuovi.com/myytavat-asunnot/oulu/heinapaa?haku=M2284191086
Siirrytään sivulle..
Sivu ladattu!
Cookies-popup error
An error occurred: Message: 
Stacktrace:
RemoteError@chrome://remote/content/shared/RemoteError.sys.mjs:8:8
WebDriverError@chrome://remote/content/shared/webdriver/Errors.sys.mjs:199:5
NoSuchElementError@chrome://remote/content/shared/webdriver/Errors.sys.mjs:552:5
dom.find/</<@chrome://remote/content/shared/DOM.sys.mjs:136:16


Käsitellään sivu 1: https://www.etuovi.com/myytavat-asunnot/oulu/heinapaa?haku=M2284191086&sivu=1
Spotlight-mainos poistettu.
Löytyi 30 uutta linkkiä

Käsitellään sivu 2: https://www.etuovi.com/myytavat-asunnot/oulu/heinapaa?haku=M2284191086&sivu=2
Spotlight-mainos poistettu.
Löytyi 18 uutta linkkiä

Käsitellään sivu 3: https://www.etuovi.com/myytavat-asunnot/oulu/heinapaa?haku=M2284191086&sivu=3
Spotlight-mainos poistettu.
Löytyi 0 uutta linkkiä
Ei uusia linkkejä – lopetetaan.
Writing 48 rows to 'latest_listings.csv'
Save complete!
Execution time: 36.87 seconds
Looking for all_listings.csv at: /home/tuukka/python_scripts/etuovi/all_listings.csv
Exists? True
Loaded latest listings from:  /home/tuukka/python_scripts/etuovi/latest_listings.csv
todays list has 48 listings
Old dataframe contains 136 listings
Startins 'get_soup' function
Saved combined listings to:  /home/tuukka/python_scripts/etuovi/all_listings.csv
Script completed at 2026-01-21 03:01:18.817055
/home/tuukka/python_scripts/etuovi/get_listings.py:456: FutureWarning: Setting an item of incompatible dtype is deprecated and will raise an error in a future version of pandas. Value '2008' has dtype incompatible with float64, please explicitly cast to a compatible dtype first.
  df_combined.at[idx, key] = value
/home/tuukka/python_scripts/etuovi/get_listings.py:456: FutureWarning: Setting an item of incompatible dtype is deprecated and will raise an error in a future version of pandas. Value '2008' has dtype incompatible with float64, please explicitly cast to a compatible dtype first.
  df_combined.at[idx, key] = value
Käyttäjä: tuukka
HOME: /home/tuukka
Starting 'get_urls' function
Ei spotlight-mainosta tällä sivulla.
https://www.etuovi.com/myytavat-asunnot/oulu/heinapaa?haku=M2284191086
Siirrytään sivulle..
Sivu ladattu!
Cookies-popup error
An error occurred: Message: 
Stacktrace:
RemoteError@chrome://remote/content/shared/RemoteError.sys.mjs:8:8
WebDriverError@chrome://remote/content/shared/webdriver/Errors.sys.mjs:199:5
NoSuchElementError@chrome://remote/content/shared/webdriver/Errors.sys.mjs:552:5
dom.find/</<@chrome://remote/content/shared/DOM.sys.mjs:136:16


Käsitellään sivu 1: https://www.etuovi.com/myytavat-asunnot/oulu/heinapaa?haku=M2284191086&sivu=1
Spotlight-mainos poistettu.
Löytyi 30 uutta linkkiä

Käsitellään sivu 2: https://www.etuovi.com/myytavat-asunnot/oulu/heinapaa?haku=M2284191086&sivu=2
Spotlight-mainos poistettu.
Löytyi 18 uutta linkkiä

Käsitellään sivu 3: https://www.etuovi.com/myytavat-asunnot/oulu/heinapaa?haku=M2284191086&sivu=3
Spotlight-mainos poistettu.
Löytyi 0 uutta linkkiä
Ei uusia linkkejä – lopetetaan.
Writing 48 rows to 'latest_listings.csv'
Save complete!
Execution time: 39.13 seconds
Looking for all_listings.csv at: /home/tuukka/python_scripts/etuovi/all_listings.csv
Exists? True
Loaded latest listings from:  /home/tuukka/python_scripts/etuovi/latest_listings.csv
todays list has 48 listings
Old dataframe contains 136 listings
Startins 'get_soup' function
Saved combined listings to:  /home/tuukka/python_scripts/etuovi/all_listings.csv
Script completed at 2026-01-22 03:01:20.897345
/home/tuukka/python_scripts/etuovi/get_listings.py:456: FutureWarning: Setting an item of incompatible dtype is deprecated and will raise an error in a future version of pandas. Value '2008' has dtype incompatible with float64, please explicitly cast to a compatible dtype first.
  df_combined.at[idx, key] = value
/home/tuukka/python_scripts/etuovi/get_listings.py:456: FutureWarning: Setting an item of incompatible dtype is deprecated and will raise an error in a future version of pandas. Value '2008' has dtype incompatible with float64, please explicitly cast to a compatible dtype first.
  df_combined.at[idx, key] = value
Käyttäjä: tuukka
HOME: /home/tuukka
Starting 'get_urls' function
Ei spotlight-mainosta tällä sivulla.
https://www.etuovi.com/myytavat-asunnot/oulu/heinapaa?haku=M2284191086
Siirrytään sivulle..
Sivu ladattu!
Cookies-popup error
An error occurred: Message: 
Stacktrace:
RemoteError@chrome://remote/content/shared/RemoteError.sys.mjs:8:8
WebDriverError@chrome://remote/content/shared/webdriver/Errors.sys.mjs:199:5
NoSuchElementError@chrome://remote/content/shared/webdriver/Errors.sys.mjs:552:5
dom.find/</<@chrome://remote/content/shared/DOM.sys.mjs:136:16


Käsitellään sivu 1: https://www.etuovi.com/myytavat-asunnot/oulu/heinapaa?haku=M2284191086&sivu=1
Spotlight-mainos poistettu.
Löytyi 30 uutta linkkiä

Käsitellään sivu 2: https://www.etuovi.com/myytavat-asunnot/oulu/heinapaa?haku=M2284191086&sivu=2
Spotlight-mainos poistettu.
Löytyi 19 uutta linkkiä

Käsitellään sivu 3: https://www.etuovi.com/myytavat-asunnot/oulu/heinapaa?haku=M2284191086&sivu=3
Spotlight-mainos poistettu.
Löytyi 0 uutta linkkiä
Ei uusia linkkejä – lopetetaan.
Writing 49 rows to 'latest_listings.csv'
Save complete!
Execution time: 47.33 seconds
Looking for all_listings.csv at: /home/tuukka/python_scripts/etuovi/all_listings.csv
Exists? True
Loaded latest listings from:  /home/tuukka/python_scripts/etuovi/latest_listings.csv
todays list has 49 listings
Old dataframe contains 136 listings
Startins 'get_soup' function
Saved combined listings to:  /home/tuukka/python_scripts/etuovi/all_listings.csv
Script completed at 2026-01-23 03:01:33.789375
/home/tuukka/python_scripts/etuovi/get_listings.py:456: FutureWarning: Setting an item of incompatible dtype is deprecated and will raise an error in a future version of pandas. Value '2008' has dtype incompatible with float64, please explicitly cast to a compatible dtype first.
  df_combined.at[idx, key] = value
/home/tuukka/python_scripts/etuovi/get_listings.py:456: FutureWarning: Setting an item of incompatible dtype is deprecated and will raise an error in a future version of pandas. Value '2008' has dtype incompatible with float64, please explicitly cast to a compatible dtype first.
  df_combined.at[idx, key] = value
Käyttäjä: tuukka
HOME: /home/tuukka
Starting 'get_urls' function
Ei spotlight-mainosta tällä sivulla.
https://www.etuovi.com/myytavat-asunnot/oulu/heinapaa?haku=M2284191086
Siirrytään sivulle..
Sivu ladattu!
Cookies-popup error
An error occurred: Message: 
Stacktrace:
RemoteError@chrome://remote/content/shared/RemoteError.sys.mjs:8:8
WebDriverError@chrome://remote/content/shared/webdriver/Errors.sys.mjs:199:5
NoSuchElementError@chrome://remote/content/shared/webdriver/Errors.sys.mjs:552:5
dom.find/</<@chrome://remote/content/shared/DOM.sys.mjs:136:16


Käsitellään sivu 1: https://www.etuovi.com/myytavat-asunnot/oulu/heinapaa?haku=M2284191086&sivu=1
Spotlight-mainos poistettu.
Löytyi 30 uutta linkkiä

Käsitellään sivu 2: https://www.etuovi.com/myytavat-asunnot/oulu/heinapaa?haku=M2284191086&sivu=2
Spotlight-mainos poistettu.
Löytyi 20 uutta linkkiä

Käsitellään sivu 3: https://www.etuovi.com/myytavat-asunnot/oulu/heinapaa?haku=M2284191086&sivu=3
Spotlight-mainos poistettu.
Löytyi 0 uutta linkkiä
Ei uusia linkkejä – lopetetaan.
Writing 50 rows to 'latest_listings.csv'
Save complete!
Execution time: 38.62 seconds
Looking for all_listings.csv at: /home/tuukka/python_scripts/etuovi/all_listings.csv
Exists? True
Loaded latest listings from:  /home/tuukka/python_scripts/etuovi/latest_listings.csv
todays list has 50 listings
Old dataframe contains 137 listings
Startins 'get_soup' function
Saved combined listings to:  /home/tuukka/python_scripts/etuovi/all_listings.csv
Script completed at 2026-01-24 03:01:23.114355
/home/tuukka/python_scripts/etuovi/get_listings.py:456: FutureWarning: Setting an item of incompatible dtype is deprecated and will raise an error in a future version of pandas. Value '2008' has dtype incompatible with float64, please explicitly cast to a compatible dtype first.
  df_combined.at[idx, key] = value
/home/tuukka/python_scripts/etuovi/get_listings.py:456: FutureWarning: Setting an item of incompatible dtype is deprecated and will raise an error in a future version of pandas. Value '2008' has dtype incompatible with float64, please explicitly cast to a compatible dtype first.
  df_combined.at[idx, key] = value
Käyttäjä: tuukka
HOME: /home/tuukka
Starting 'get_urls' function
Ei spotlight-mainosta tällä sivulla.
https://www.etuovi.com/myytavat-asunnot/oulu/heinapaa?haku=M2284191086
Siirrytään sivulle..
Sivu ladattu!
Cookies-popup error
An error occurred: Message: 
Stacktrace:
RemoteError@chrome://remote/content/shared/RemoteError.sys.mjs:8:8
WebDriverError@chrome://remote/content/shared/webdriver/Errors.sys.mjs:199:5
NoSuchElementError@chrome://remote/content/shared/webdriver/Errors.sys.mjs:552:5
dom.find/</<@chrome://remote/content/shared/DOM.sys.mjs:136:16


Käsitellään sivu 1: https://www.etuovi.com/myytavat-asunnot/oulu/heinapaa?haku=M2284191086&sivu=1
Spotlight-mainos poistettu.
Löytyi 30 uutta linkkiä

Käsitellään sivu 2: https://www.etuovi.com/myytavat-asunnot/oulu/heinapaa?haku=M2284191086&sivu=2
Spotlight-mainos poistettu.
Löytyi 21 uutta linkkiä

Käsitellään sivu 3: https://www.etuovi.com/myytavat-asunnot/oulu/heinapaa?haku=M2284191086&sivu=3
Spotlight-mainos poistettu.
Löytyi 0 uutta linkkiä
Ei uusia linkkejä – lopetetaan.
Writing 51 rows to 'latest_listings.csv'
Save complete!
Execution time: 47.37 seconds
Looking for all_listings.csv at: /home/tuukka/python_scripts/etuovi/all_listings.csv
Exists? True
Loaded latest listings from:  /home/tuukka/python_scripts/etuovi/latest_listings.csv
todays list has 51 listings
Old dataframe contains 138 listings
Startins 'get_soup' function
Saved combined listings to:  /home/tuukka/python_scripts/etuovi/all_listings.csv
Script completed at 2026-01-25 03:01:35.729922
/home/tuukka/python_scripts/etuovi/get_listings.py:456: FutureWarning: Setting an item of incompatible dtype is deprecated and will raise an error in a future version of pandas. Value '2008' has dtype incompatible with float64, please explicitly cast to a compatible dtype first.
  df_combined.at[idx, key] = value
/home/tuukka/python_scripts/etuovi/get_listings.py:456: FutureWarning: Setting an item of incompatible dtype is deprecated and will raise an error in a future version of pandas. Value '2008' has dtype incompatible with float64, please explicitly cast to a compatible dtype first.
  df_combined.at[idx, key] = value
Käyttäjä: tuukka
HOME: /home/tuukka
Starting 'get_urls' function
Ei spotlight-mainosta tällä sivulla.
https://www.etuovi.com/myytavat-asunnot/oulu/heinapaa?haku=M2284191086
Siirrytään sivulle..
Sivu ladattu!
Cookies-popup error
An error occurred: Message: 
Stacktrace:
RemoteError@chrome://remote/content/shared/RemoteError.sys.mjs:8:8
WebDriverError@chrome://remote/content/shared/webdriver/Errors.sys.mjs:199:5
NoSuchElementError@chrome://remote/content/shared/webdriver/Errors.sys.mjs:552:5
dom.find/</<@chrome://remote/content/shared/DOM.sys.mjs:136:16


Käsitellään sivu 1: https://www.etuovi.com/myytavat-asunnot/oulu/heinapaa?haku=M2284191086&sivu=1
Spotlight-mainos poistettu.
Löytyi 30 uutta linkkiä

Käsitellään sivu 2: https://www.etuovi.com/myytavat-asunnot/oulu/heinapaa?haku=M2284191086&sivu=2
Spotlight-mainos poistettu.
Löytyi 20 uutta linkkiä

Käsitellään sivu 3: https://www.etuovi.com/myytavat-asunnot/oulu/heinapaa?haku=M2284191086&sivu=3
Spotlight-mainos poistettu.
Löytyi 0 uutta linkkiä
Ei uusia linkkejä – lopetetaan.
Writing 50 rows to 'latest_listings.csv'
Save complete!
Execution time: 46.61 seconds
Looking for all_listings.csv at: /home/tuukka/python_scripts/etuovi/all_listings.csv
Exists? True
Loaded latest listings from:  /home/tuukka/python_scripts/etuovi/latest_listings.csv
todays list has 50 listings
Old dataframe contains 139 listings
Startins 'get_soup' function
Saved combined listings to:  /home/tuukka/python_scripts/etuovi/all_listings.csv
Script completed at 2026-01-26 03:01:28.651351
/home/tuukka/python_scripts/etuovi/get_listings.py:456: FutureWarning: Setting an item of incompatible dtype is deprecated and will raise an error in a future version of pandas. Value '2008' has dtype incompatible with float64, please explicitly cast to a compatible dtype first.
  df_combined.at[idx, key] = value
/home/tuukka/python_scripts/etuovi/get_listings.py:456: FutureWarning: Setting an item of incompatible dtype is deprecated and will raise an error in a future version of pandas. Value '2008' has dtype incompatible with float64, please explicitly cast to a compatible dtype first.
  df_combined.at[idx, key] = value
Käyttäjä: tuukka
HOME: /home/tuukka
Starting 'get_urls' function
Ei spotlight-mainosta tällä sivulla.
https://www.etuovi.com/myytavat-asunnot/oulu/heinapaa?haku=M2284191086
Siirrytään sivulle..
Sivu ladattu!
Cookies-popup error
An error occurred: Message: 
Stacktrace:
RemoteError@chrome://remote/content/shared/RemoteError.sys.mjs:8:8
WebDriverError@chrome://remote/content/shared/webdriver/Errors.sys.mjs:199:5
NoSuchElementError@chrome://remote/content/shared/webdriver/Errors.sys.mjs:552:5
dom.find/</<@chrome://remote/content/shared/DOM.sys.mjs:136:16


Käsitellään sivu 1: https://www.etuovi.com/myytavat-asunnot/oulu/heinapaa?haku=M2284191086&sivu=1
Spotlight-mainos poistettu.
Löytyi 30 uutta linkkiä

Käsitellään sivu 2: https://www.etuovi.com/myytavat-asunnot/oulu/heinapaa?haku=M2284191086&sivu=2
Spotlight-mainos poistettu.
Löytyi 21 uutta linkkiä

Käsitellään sivu 3: https://www.etuovi.com/myytavat-asunnot/oulu/heinapaa?haku=M2284191086&sivu=3
Spotlight-mainos poistettu.
Löytyi 0 uutta linkkiä
Ei uusia linkkejä – lopetetaan.
Writing 51 rows to 'latest_listings.csv'
Save complete!
Execution time: 33.16 seconds
Looking for all_listings.csv at: /home/tuukka/python_scripts/etuovi/all_listings.csv
Exists? True
Loaded latest listings from:  /home/tuukka/python_scripts/etuovi/latest_listings.csv
todays list has 51 listings
Old dataframe contains 139 listings
Startins 'get_soup' function
Saved combined listings to:  /home/tuukka/python_scripts/etuovi/all_listings.csv
Script completed at 2026-01-27 03:01:17.805856
/home/tuukka/python_scripts/etuovi/get_listings.py:456: FutureWarning: Setting an item of incompatible dtype is deprecated and will raise an error in a future version of pandas. Value '2008' has dtype incompatible with float64, please explicitly cast to a compatible dtype first.
  df_combined.at[idx, key] = value
/home/tuukka/python_scripts/etuovi/get_listings.py:456: FutureWarning: Setting an item of incompatible dtype is deprecated and will raise an error in a future version of pandas. Value '2008' has dtype incompatible with float64, please explicitly cast to a compatible dtype first.
  df_combined.at[idx, key] = value
Käyttäjä: tuukka
HOME: /home/tuukka
Starting 'get_urls' function
Ei spotlight-mainosta tällä sivulla.
https://www.etuovi.com/myytavat-asunnot/oulu/heinapaa?haku=M2284191086
Siirrytään sivulle..
Sivu ladattu!
Cookies-popup error
An error occurred: Message: 
Stacktrace:
RemoteError@chrome://remote/content/shared/RemoteError.sys.mjs:8:8
WebDriverError@chrome://remote/content/shared/webdriver/Errors.sys.mjs:199:5
NoSuchElementError@chrome://remote/content/shared/webdriver/Errors.sys.mjs:552:5
dom.find/</<@chrome://remote/content/shared/DOM.sys.mjs:136:16


Käsitellään sivu 1: https://www.etuovi.com/myytavat-asunnot/oulu/heinapaa?haku=M2284191086&sivu=1
Spotlight-mainos poistettu.
Löytyi 30 uutta linkkiä

Käsitellään sivu 2: https://www.etuovi.com/myytavat-asunnot/oulu/heinapaa?haku=M2284191086&sivu=2
Spotlight-mainos poistettu.
Löytyi 21 uutta linkkiä

Käsitellään sivu 3: https://www.etuovi.com/myytavat-asunnot/oulu/heinapaa?haku=M2284191086&sivu=3
Spotlight-mainos poistettu.
Löytyi 0 uutta linkkiä
Ei uusia linkkejä – lopetetaan.
Writing 51 rows to 'latest_listings.csv'
Save complete!
Execution time: 32.06 seconds
Looking for all_listings.csv at: /home/tuukka/python_scripts/etuovi/all_listings.csv
Exists? True
Loaded latest listings from:  /home/tuukka/python_scripts/etuovi/latest_listings.csv
todays list has 51 listings
Old dataframe contains 140 listings
Startins 'get_soup' function
Saved combined listings to:  /home/tuukka/python_scripts/etuovi/all_listings.csv
Script completed at 2026-01-28 03:01:14.891434
/home/tuukka/python_scripts/etuovi/get_listings.py:456: FutureWarning: Setting an item of incompatible dtype is deprecated and will raise an error in a future version of pandas. Value '2008' has dtype incompatible with float64, please explicitly cast to a compatible dtype first.
  df_combined.at[idx, key] = value
/home/tuukka/python_scripts/etuovi/get_listings.py:456: FutureWarning: Setting an item of incompatible dtype is deprecated and will raise an error in a future version of pandas. Value '2008' has dtype incompatible with float64, please explicitly cast to a compatible dtype first.
  df_combined.at[idx, key] = value
Käyttäjä: tuukka
HOME: /home/tuukka
Starting 'get_urls' function
Ei spotlight-mainosta tällä sivulla.
https://www.etuovi.com/myytavat-asunnot/oulu/heinapaa?haku=M2284191086
Siirrytään sivulle..
Sivu ladattu!
Cookies-popup error
An error occurred: Message: 
Stacktrace:
RemoteError@chrome://remote/content/shared/RemoteError.sys.mjs:8:8
WebDriverError@chrome://remote/content/shared/webdriver/Errors.sys.mjs:199:5
NoSuchElementError@chrome://remote/content/shared/webdriver/Errors.sys.mjs:552:5
dom.find/</<@chrome://remote/content/shared/DOM.sys.mjs:136:16


Käsitellään sivu 1: https://www.etuovi.com/myytavat-asunnot/oulu/heinapaa?haku=M2284191086&sivu=1
Spotlight-mainos poistettu.
Löytyi 30 uutta linkkiä

Käsitellään sivu 2: https://www.etuovi.com/myytavat-asunnot/oulu/heinapaa?haku=M2284191086&sivu=2
Spotlight-mainos poistettu.
Löytyi 21 uutta linkkiä

Käsitellään sivu 3: https://www.etuovi.com/myytavat-asunnot/oulu/heinapaa?haku=M2284191086&sivu=3
Spotlight-mainos poistettu.
Löytyi 0 uutta linkkiä
Ei uusia linkkejä – lopetetaan.
Writing 51 rows to 'latest_listings.csv'
Save complete!
Execution time: 37.18 seconds
Looking for all_listings.csv at: /home/tuukka/python_scripts/etuovi/all_listings.csv
Exists? True
Loaded latest listings from:  /home/tuukka/python_scripts/etuovi/latest_listings.csv
todays list has 51 listings
Old dataframe contains 140 listings
Startins 'get_soup' function
Saved combined listings to:  /home/tuukka/python_scripts/etuovi/all_listings.csv
Script completed at 2026-01-29 03:01:20.419511
/home/tuukka/python_scripts/etuovi/get_listings.py:456: FutureWarning: Setting an item of incompatible dtype is deprecated and will raise an error in a future version of pandas. Value '2008' has dtype incompatible with float64, please explicitly cast to a compatible dtype first.
  df_combined.at[idx, key] = value
/home/tuukka/python_scripts/etuovi/get_listings.py:456: FutureWarning: Setting an item of incompatible dtype is deprecated and will raise an error in a future version of pandas. Value '2008' has dtype incompatible with float64, please explicitly cast to a compatible dtype first.
  df_combined.at[idx, key] = value
Käyttäjä: tuukka
HOME: /home/tuukka
Starting 'get_urls' function
Ei spotlight-mainosta tällä sivulla.
https://www.etuovi.com/myytavat-asunnot/oulu/heinapaa?haku=M2284191086
Siirrytään sivulle..
Sivu ladattu!
Cookies-popup error
An error occurred: Message: 
Stacktrace:
RemoteError@chrome://remote/content/shared/RemoteError.sys.mjs:8:8
WebDriverError@chrome://remote/content/shared/webdriver/Errors.sys.mjs:199:5
NoSuchElementError@chrome://remote/content/shared/webdriver/Errors.sys.mjs:552:5
dom.find/</<@chrome://remote/content/shared/DOM.sys.mjs:136:16


Käsitellään sivu 1: https://www.etuovi.com/myytavat-asunnot/oulu/heinapaa?haku=M2284191086&sivu=1
Spotlight-mainos poistettu.
Löytyi 30 uutta linkkiä

Käsitellään sivu 2: https://www.etuovi.com/myytavat-asunnot/oulu/heinapaa?haku=M2284191086&sivu=2
Spotlight-mainos poistettu.
Löytyi 21 uutta linkkiä

Käsitellään sivu 3: https://www.etuovi.com/myytavat-asunnot/oulu/heinapaa?haku=M2284191086&sivu=3
Spotlight-mainos poistettu.
Löytyi 0 uutta linkkiä
Ei uusia linkkejä – lopetetaan.
Writing 51 rows to 'latest_listings.csv'
Save complete!
Execution time: 34.89 seconds
Looking for all_listings.csv at: /home/tuukka/python_scripts/etuovi/all_listings.csv
Exists? True
Loaded latest listings from:  /home/tuukka/python_scripts/etuovi/latest_listings.csv
todays list has 51 listings
Old dataframe contains 140 listings
Startins 'get_soup' function
Saved combined listings to:  /home/tuukka/python_scripts/etuovi/all_listings.csv
Script completed at 2026-01-30 03:01:26.333745
/home/tuukka/python_scripts/etuovi/get_listings.py:456: FutureWarning: Setting an item of incompatible dtype is deprecated and will raise an error in a future version of pandas. Value '2008' has dtype incompatible with float64, please explicitly cast to a compatible dtype first.
  df_combined.at[idx, key] = value
/home/tuukka/python_scripts/etuovi/get_listings.py:456: FutureWarning: Setting an item of incompatible dtype is deprecated and will raise an error in a future version of pandas. Value '2008' has dtype incompatible with float64, please explicitly cast to a compatible dtype first.
  df_combined.at[idx, key] = value
Käyttäjä: tuukka
HOME: /home/tuukka
Starting 'get_urls' function
Ei spotlight-mainosta tällä sivulla.
https://www.etuovi.com/myytavat-asunnot/oulu/heinapaa?haku=M2284191086
Siirrytään sivulle..
Sivu ladattu!
Cookies-popup error
An error occurred: Message: 
Stacktrace:
RemoteError@chrome://remote/content/shared/RemoteError.sys.mjs:8:8
WebDriverError@chrome://remote/content/shared/webdriver/Errors.sys.mjs:199:5
NoSuchElementError@chrome://remote/content/shared/webdriver/Errors.sys.mjs:552:5
dom.find/</<@chrome://remote/content/shared/DOM.sys.mjs:136:16


Käsitellään sivu 1: https://www.etuovi.com/myytavat-asunnot/oulu/heinapaa?haku=M2284191086&sivu=1
Spotlight-mainos poistettu.
Löytyi 30 uutta linkkiä

Käsitellään sivu 2: https://www.etuovi.com/myytavat-asunnot/oulu/heinapaa?haku=M2284191086&sivu=2
Spotlight-mainos poistettu.
Löytyi 22 uutta linkkiä

Käsitellään sivu 3: https://www.etuovi.com/myytavat-asunnot/oulu/heinapaa?haku=M2284191086&sivu=3
Spotlight-mainos poistettu.
Löytyi 0 uutta linkkiä
Ei uusia linkkejä – lopetetaan.
Writing 52 rows to 'latest_listings.csv'
Save complete!
Execution time: 33.80 seconds
Looking for all_listings.csv at: /home/tuukka/python_scripts/etuovi/all_listings.csv
Exists? True
Loaded latest listings from:  /home/tuukka/python_scripts/etuovi/latest_listings.csv
todays list has 52 listings
Old dataframe contains 142 listings
Startins 'get_soup' function
Saved combined listings to:  /home/tuukka/python_scripts/etuovi/all_listings.csv
Script completed at 2026-01-31 03:01:16.636539
/home/tuukka/python_scripts/etuovi/get_listings.py:456: FutureWarning: Setting an item of incompatible dtype is deprecated and will raise an error in a future version of pandas. Value '2008' has dtype incompatible with float64, please explicitly cast to a compatible dtype first.
  df_combined.at[idx, key] = value
/home/tuukka/python_scripts/etuovi/get_listings.py:456: FutureWarning: Setting an item of incompatible dtype is deprecated and will raise an error in a future version of pandas. Value '2008' has dtype incompatible with float64, please explicitly cast to a compatible dtype first.
  df_combined.at[idx, key] = value
Käyttäjä: tuukka
HOME: /home/tuukka
Starting 'get_urls' function
Ei spotlight-mainosta tällä sivulla.
https://www.etuovi.com/myytavat-asunnot/oulu/heinapaa?haku=M2284191086
Siirrytään sivulle..
Sivu ladattu!
Cookies-popup error
An error occurred: Message: 
Stacktrace:
RemoteError@chrome://remote/content/shared/RemoteError.sys.mjs:8:8
WebDriverError@chrome://remote/content/shared/webdriver/Errors.sys.mjs:199:5
NoSuchElementError@chrome://remote/content/shared/webdriver/Errors.sys.mjs:552:5
dom.find/</<@chrome://remote/content/shared/DOM.sys.mjs:136:16


Käsitellään sivu 1: https://www.etuovi.com/myytavat-asunnot/oulu/heinapaa?haku=M2284191086&sivu=1
Spotlight-mainos poistettu.
Löytyi 30 uutta linkkiä

Käsitellään sivu 2: https://www.etuovi.com/myytavat-asunnot/oulu/heinapaa?haku=M2284191086&sivu=2
Spotlight-mainos poistettu.
Löytyi 21 uutta linkkiä

Käsitellään sivu 3: https://www.etuovi.com/myytavat-asunnot/oulu/heinapaa?haku=M2284191086&sivu=3
Spotlight-mainos poistettu.
Löytyi 0 uutta linkkiä
Ei uusia linkkejä – lopetetaan.
Writing 51 rows to 'latest_listings.csv'
Save complete!
Execution time: 40.66 seconds
Looking for all_listings.csv at: /home/tuukka/python_scripts/etuovi/all_listings.csv
Exists? True
Loaded latest listings from:  /home/tuukka/python_scripts/etuovi/latest_listings.csv
todays list has 51 listings
Old dataframe contains 142 listings
Startins 'get_soup' function
Saved combined listings to:  /home/tuukka/python_scripts/etuovi/all_listings.csv
Script completed at 2026-02-01 03:01:24.458444
/home/tuukka/python_scripts/etuovi/get_listings.py:456: FutureWarning: Setting an item of incompatible dtype is deprecated and will raise an error in a future version of pandas. Value '2008' has dtype incompatible with float64, please explicitly cast to a compatible dtype first.
  df_combined.at[idx, key] = value
/home/tuukka/python_scripts/etuovi/get_listings.py:456: FutureWarning: Setting an item of incompatible dtype is deprecated and will raise an error in a future version of pandas. Value '2008' has dtype incompatible with float64, please explicitly cast to a compatible dtype first.
  df_combined.at[idx, key] = value
Käyttäjä: tuukka
HOME: /home/tuukka
Starting 'get_urls' function
Ei spotlight-mainosta tällä sivulla.
https://www.etuovi.com/myytavat-asunnot/oulu/heinapaa?haku=M2284191086
Siirrytään sivulle..
Sivu ladattu!
Cookies-popup error
An error occurred: Message: 
Stacktrace:
RemoteError@chrome://remote/content/shared/RemoteError.sys.mjs:8:8
WebDriverError@chrome://remote/content/shared/webdriver/Errors.sys.mjs:199:5
NoSuchElementError@chrome://remote/content/shared/webdriver/Errors.sys.mjs:552:5
dom.find/</<@chrome://remote/content/shared/DOM.sys.mjs:136:16


Käsitellään sivu 1: https://www.etuovi.com/myytavat-asunnot/oulu/heinapaa?haku=M2284191086&sivu=1
Spotlight-mainos poistettu.
Löytyi 30 uutta linkkiä

Käsitellään sivu 2: https://www.etuovi.com/myytavat-asunnot/oulu/heinapaa?haku=M2284191086&sivu=2
Spotlight-mainos poistettu.
Löytyi 21 uutta linkkiä

Käsitellään sivu 3: https://www.etuovi.com/myytavat-asunnot/oulu/heinapaa?haku=M2284191086&sivu=3
Spotlight-mainos poistettu.
Löytyi 0 uutta linkkiä
Ei uusia linkkejä – lopetetaan.
Writing 51 rows to 'latest_listings.csv'
Save complete!
Execution time: 34.41 seconds
Looking for all_listings.csv at: /home/tuukka/python_scripts/etuovi/all_listings.csv
Exists? True
Loaded latest listings from:  /home/tuukka/python_scripts/etuovi/latest_listings.csv
todays list has 51 listings
Old dataframe contains 142 listings
Startins 'get_soup' function
Saved combined listings to:  /home/tuukka/python_scripts/etuovi/all_listings.csv
Script completed at 2026-02-02 03:01:18.838180
/home/tuukka/python_scripts/etuovi/get_listings.py:456: FutureWarning: Setting an item of incompatible dtype is deprecated and will raise an error in a future version of pandas. Value '2008' has dtype incompatible with float64, please explicitly cast to a compatible dtype first.
  df_combined.at[idx, key] = value
/home/tuukka/python_scripts/etuovi/get_listings.py:456: FutureWarning: Setting an item of incompatible dtype is deprecated and will raise an error in a future version of pandas. Value '2008' has dtype incompatible with float64, please explicitly cast to a compatible dtype first.
  df_combined.at[idx, key] = value
Käyttäjä: tuukka
HOME: /home/tuukka
Starting 'get_urls' function
Ei spotlight-mainosta tällä sivulla.
https://www.etuovi.com/myytavat-asunnot/oulu/heinapaa?haku=M2284191086
Siirrytään sivulle..
Sivu ladattu!
Cookies-popup error
An error occurred: Message: 
Stacktrace:
RemoteError@chrome://remote/content/shared/RemoteError.sys.mjs:8:8
WebDriverError@chrome://remote/content/shared/webdriver/Errors.sys.mjs:199:5
NoSuchElementError@chrome://remote/content/shared/webdriver/Errors.sys.mjs:552:5
dom.find/</<@chrome://remote/content/shared/DOM.sys.mjs:136:16


Käsitellään sivu 1: https://www.etuovi.com/myytavat-asunnot/oulu/heinapaa?haku=M2284191086&sivu=1
Spotlight-mainos poistettu.
Löytyi 30 uutta linkkiä

Käsitellään sivu 2: https://www.etuovi.com/myytavat-asunnot/oulu/heinapaa?haku=M2284191086&sivu=2
Spotlight-mainos poistettu.
Löytyi 21 uutta linkkiä

Käsitellään sivu 3: https://www.etuovi.com/myytavat-asunnot/oulu/heinapaa?haku=M2284191086&sivu=3
Spotlight-mainos poistettu.
Löytyi 0 uutta linkkiä
Ei uusia linkkejä – lopetetaan.
Writing 51 rows to 'latest_listings.csv'
Save complete!
Execution time: 53.77 seconds
Looking for all_listings.csv at: /home/tuukka/python_scripts/etuovi/all_listings.csv
Exists? True
Loaded latest listings from:  /home/tuukka/python_scripts/etuovi/latest_listings.csv
todays list has 51 listings
Old dataframe contains 142 listings
Startins 'get_soup' function
Saved combined listings to:  /home/tuukka/python_scripts/etuovi/all_listings.csv
Script completed at 2026-02-03 03:01:37.605437
/home/tuukka/python_scripts/etuovi/get_listings.py:456: FutureWarning: Setting an item of incompatible dtype is deprecated and will raise an error in a future version of pandas. Value '2008' has dtype incompatible with float64, please explicitly cast to a compatible dtype first.
  df_combined.at[idx, key] = value
/home/tuukka/python_scripts/etuovi/get_listings.py:456: FutureWarning: Setting an item of incompatible dtype is deprecated and will raise an error in a future version of pandas. Value '2008' has dtype incompatible with float64, please explicitly cast to a compatible dtype first.
  df_combined.at[idx, key] = value
Käyttäjä: tuukka
HOME: /home/tuukka
Starting 'get_urls' function
Ei spotlight-mainosta tällä sivulla.
https://www.etuovi.com/myytavat-asunnot/oulu/heinapaa?haku=M2284191086
Siirrytään sivulle..
Sivu ladattu!
Cookies-popup error
An error occurred: Message: 
Stacktrace:
RemoteError@chrome://remote/content/shared/RemoteError.sys.mjs:8:8
WebDriverError@chrome://remote/content/shared/webdriver/Errors.sys.mjs:199:5
NoSuchElementError@chrome://remote/content/shared/webdriver/Errors.sys.mjs:552:5
dom.find/</<@chrome://remote/content/shared/DOM.sys.mjs:136:16


Käsitellään sivu 1: https://www.etuovi.com/myytavat-asunnot/oulu/heinapaa?haku=M2284191086&sivu=1
Spotlight-mainos poistettu.
Löytyi 30 uutta linkkiä

Käsitellään sivu 2: https://www.etuovi.com/myytavat-asunnot/oulu/heinapaa?haku=M2284191086&sivu=2
Spotlight-mainos poistettu.
Löytyi 19 uutta linkkiä

Käsitellään sivu 3: https://www.etuovi.com/myytavat-asunnot/oulu/heinapaa?haku=M2284191086&sivu=3
Spotlight-mainos poistettu.
Löytyi 0 uutta linkkiä
Ei uusia linkkejä – lopetetaan.
Writing 49 rows to 'latest_listings.csv'
Save complete!
Execution time: 37.01 seconds
Looking for all_listings.csv at: /home/tuukka/python_scripts/etuovi/all_listings.csv
Exists? True
Loaded latest listings from:  /home/tuukka/python_scripts/etuovi/latest_listings.csv
todays list has 49 listings
Old dataframe contains 142 listings
Startins 'get_soup' function
Saved combined listings to:  /home/tuukka/python_scripts/etuovi/all_listings.csv
Script completed at 2026-02-04 03:01:20.092635
/home/tuukka/python_scripts/etuovi/get_listings.py:456: FutureWarning: Setting an item of incompatible dtype is deprecated and will raise an error in a future version of pandas. Value '2008' has dtype incompatible with float64, please explicitly cast to a compatible dtype first.
  df_combined.at[idx, key] = value
/home/tuukka/python_scripts/etuovi/get_listings.py:456: FutureWarning: Setting an item of incompatible dtype is deprecated and will raise an error in a future version of pandas. Value '2008' has dtype incompatible with float64, please explicitly cast to a compatible dtype first.
  df_combined.at[idx, key] = value
Käyttäjä: tuukka
HOME: /home/tuukka
Starting 'get_urls' function
Ei spotlight-mainosta tällä sivulla.
https://www.etuovi.com/myytavat-asunnot/oulu/heinapaa?haku=M2284191086
Siirrytään sivulle..
Sivu ladattu!
Cookies-popup error
An error occurred: Message: 
Stacktrace:
RemoteError@chrome://remote/content/shared/RemoteError.sys.mjs:8:8
WebDriverError@chrome://remote/content/shared/webdriver/Errors.sys.mjs:199:5
NoSuchElementError@chrome://remote/content/shared/webdriver/Errors.sys.mjs:552:5
dom.find/</<@chrome://remote/content/shared/DOM.sys.mjs:136:16


Käsitellään sivu 1: https://www.etuovi.com/myytavat-asunnot/oulu/heinapaa?haku=M2284191086&sivu=1
Spotlight-mainos poistettu.
Löytyi 30 uutta linkkiä

Käsitellään sivu 2: https://www.etuovi.com/myytavat-asunnot/oulu/heinapaa?haku=M2284191086&sivu=2
Spotlight-mainos poistettu.
Löytyi 19 uutta linkkiä

Käsitellään sivu 3: https://www.etuovi.com/myytavat-asunnot/oulu/heinapaa?haku=M2284191086&sivu=3
Spotlight-mainos poistettu.
Löytyi 0 uutta linkkiä
Ei uusia linkkejä – lopetetaan.
Writing 49 rows to 'latest_listings.csv'
Save complete!
Execution time: 45.18 seconds
Looking for all_listings.csv at: /home/tuukka/python_scripts/etuovi/all_listings.csv
Exists? True
Loaded latest listings from:  /home/tuukka/python_scripts/etuovi/latest_listings.csv
todays list has 49 listings
Old dataframe contains 142 listings
Startins 'get_soup' function
Saved combined listings to:  /home/tuukka/python_scripts/etuovi/all_listings.csv
Script completed at 2026-02-05 03:01:28.485790
/home/tuukka/python_scripts/etuovi/get_listings.py:456: FutureWarning: Setting an item of incompatible dtype is deprecated and will raise an error in a future version of pandas. Value '2008' has dtype incompatible with float64, please explicitly cast to a compatible dtype first.
  df_combined.at[idx, key] = value
/home/tuukka/python_scripts/etuovi/get_listings.py:456: FutureWarning: Setting an item of incompatible dtype is deprecated and will raise an error in a future version of pandas. Value '2008' has dtype incompatible with float64, please explicitly cast to a compatible dtype first.
  df_combined.at[idx, key] = value
Käyttäjä: tuukka
HOME: /home/tuukka
Starting 'get_urls' function
Ei spotlight-mainosta tällä sivulla.
https://www.etuovi.com/myytavat-asunnot/oulu/heinapaa?haku=M2284191086
Siirrytään sivulle..
Sivu ladattu!
Cookies-popup error
An error occurred: Message: 
Stacktrace:
RemoteError@chrome://remote/content/shared/RemoteError.sys.mjs:8:8
WebDriverError@chrome://remote/content/shared/webdriver/Errors.sys.mjs:199:5
NoSuchElementError@chrome://remote/content/shared/webdriver/Errors.sys.mjs:552:5
dom.find/</<@chrome://remote/content/shared/DOM.sys.mjs:136:16


Käsitellään sivu 1: https://www.etuovi.com/myytavat-asunnot/oulu/heinapaa?haku=M2284191086&sivu=1
Spotlight-mainos poistettu.
Löytyi 30 uutta linkkiä

Käsitellään sivu 2: https://www.etuovi.com/myytavat-asunnot/oulu/heinapaa?haku=M2284191086&sivu=2
Spotlight-mainos poistettu.
Löytyi 21 uutta linkkiä

Käsitellään sivu 3: https://www.etuovi.com/myytavat-asunnot/oulu/heinapaa?haku=M2284191086&sivu=3
Spotlight-mainos poistettu.
Löytyi 0 uutta linkkiä
Ei uusia linkkejä – lopetetaan.
Writing 51 rows to 'latest_listings.csv'
Save complete!
Execution time: 46.05 seconds
Looking for all_listings.csv at: /home/tuukka/python_scripts/etuovi/all_listings.csv
Exists? True
Loaded latest listings from:  /home/tuukka/python_scripts/etuovi/latest_listings.csv
todays list has 51 listings
Old dataframe contains 142 listings
Startins 'get_soup' function
Saved combined listings to:  /home/tuukka/python_scripts/etuovi/all_listings.csv
Script completed at 2026-02-06 03:01:37.456571
/home/tuukka/python_scripts/etuovi/get_listings.py:456: FutureWarning: Setting an item of incompatible dtype is deprecated and will raise an error in a future version of pandas. Value '2008' has dtype incompatible with float64, please explicitly cast to a compatible dtype first.
  df_combined.at[idx, key] = value
/home/tuukka/python_scripts/etuovi/get_listings.py:456: FutureWarning: Setting an item of incompatible dtype is deprecated and will raise an error in a future version of pandas. Value '2008' has dtype incompatible with float64, please explicitly cast to a compatible dtype first.
  df_combined.at[idx, key] = value
Käyttäjä: tuukka
HOME: /home/tuukka
Starting 'get_urls' function
Ei spotlight-mainosta tällä sivulla.
https://www.etuovi.com/myytavat-asunnot/oulu/heinapaa?haku=M2284191086
Siirrytään sivulle..
Sivu ladattu!
Cookies-popup error
An error occurred: Message: 
Stacktrace:
RemoteError@chrome://remote/content/shared/RemoteError.sys.mjs:8:8
WebDriverError@chrome://remote/content/shared/webdriver/Errors.sys.mjs:199:5
NoSuchElementError@chrome://remote/content/shared/webdriver/Errors.sys.mjs:552:5
dom.find/</<@chrome://remote/content/shared/DOM.sys.mjs:136:16


Käsitellään sivu 1: https://www.etuovi.com/myytavat-asunnot/oulu/heinapaa?haku=M2284191086&sivu=1
Spotlight-mainos poistettu.
Löytyi 30 uutta linkkiä

Käsitellään sivu 2: https://www.etuovi.com/myytavat-asunnot/oulu/heinapaa?haku=M2284191086&sivu=2
Spotlight-mainos poistettu.
Löytyi 22 uutta linkkiä

Käsitellään sivu 3: https://www.etuovi.com/myytavat-asunnot/oulu/heinapaa?haku=M2284191086&sivu=3
Spotlight-mainos poistettu.
Löytyi 0 uutta linkkiä
Ei uusia linkkejä – lopetetaan.
Writing 52 rows to 'latest_listings.csv'
Save complete!
Execution time: 47.46 seconds
Looking for all_listings.csv at: /home/tuukka/python_scripts/etuovi/all_listings.csv
Exists? True
Loaded latest listings from:  /home/tuukka/python_scripts/etuovi/latest_listings.csv
todays list has 52 listings
Old dataframe contains 144 listings
Startins 'get_soup' function
Saved combined listings to:  /home/tuukka/python_scripts/etuovi/all_listings.csv
Script completed at 2026-02-07 03:01:33.508436
/home/tuukka/python_scripts/etuovi/get_listings.py:456: FutureWarning: Setting an item of incompatible dtype is deprecated and will raise an error in a future version of pandas. Value '2008' has dtype incompatible with float64, please explicitly cast to a compatible dtype first.
  df_combined.at[idx, key] = value
/home/tuukka/python_scripts/etuovi/get_listings.py:456: FutureWarning: Setting an item of incompatible dtype is deprecated and will raise an error in a future version of pandas. Value '2008' has dtype incompatible with float64, please explicitly cast to a compatible dtype first.
  df_combined.at[idx, key] = value
Käyttäjä: tuukka
HOME: /home/tuukka
Starting 'get_urls' function
Ei spotlight-mainosta tällä sivulla.
https://www.etuovi.com/myytavat-asunnot/oulu/heinapaa?haku=M2284191086
Siirrytään sivulle..
Sivu ladattu!
Cookies-popup error
An error occurred: Message: 
Stacktrace:
RemoteError@chrome://remote/content/shared/RemoteError.sys.mjs:8:8
WebDriverError@chrome://remote/content/shared/webdriver/Errors.sys.mjs:199:5
NoSuchElementError@chrome://remote/content/shared/webdriver/Errors.sys.mjs:552:5
dom.find/</<@chrome://remote/content/shared/DOM.sys.mjs:136:16


Käsitellään sivu 1: https://www.etuovi.com/myytavat-asunnot/oulu/heinapaa?haku=M2284191086&sivu=1
Spotlight-mainos poistettu.
Löytyi 30 uutta linkkiä

Käsitellään sivu 2: https://www.etuovi.com/myytavat-asunnot/oulu/heinapaa?haku=M2284191086&sivu=2
Spotlight-mainos poistettu.
Löytyi 22 uutta linkkiä

Käsitellään sivu 3: https://www.etuovi.com/myytavat-asunnot/oulu/heinapaa?haku=M2284191086&sivu=3
Spotlight-mainos poistettu.
Löytyi 0 uutta linkkiä
Ei uusia linkkejä – lopetetaan.
Writing 52 rows to 'latest_listings.csv'
Save complete!
Execution time: 35.74 seconds
Looking for all_listings.csv at: /home/tuukka/python_scripts/etuovi/all_listings.csv
Exists? True
Loaded latest listings from:  /home/tuukka/python_scripts/etuovi/latest_listings.csv
todays list has 52 listings
Old dataframe contains 145 listings
Startins 'get_soup' function
Saved combined listings to:  /home/tuukka/python_scripts/etuovi/all_listings.csv
Script completed at 2026-02-08 03:01:18.707715
/home/tuukka/python_scripts/etuovi/get_listings.py:456: FutureWarning: Setting an item of incompatible dtype is deprecated and will raise an error in a future version of pandas. Value '2008' has dtype incompatible with float64, please explicitly cast to a compatible dtype first.
  df_combined.at[idx, key] = value
/home/tuukka/python_scripts/etuovi/get_listings.py:456: FutureWarning: Setting an item of incompatible dtype is deprecated and will raise an error in a future version of pandas. Value '2008' has dtype incompatible with float64, please explicitly cast to a compatible dtype first.
  df_combined.at[idx, key] = value
Käyttäjä: tuukka
HOME: /home/tuukka
Starting 'get_urls' function
Ei spotlight-mainosta tällä sivulla.
https://www.etuovi.com/myytavat-asunnot/oulu/heinapaa?haku=M2284191086
Siirrytään sivulle..
Sivu ladattu!
Cookies-popup error
An error occurred: Message: 
Stacktrace:
RemoteError@chrome://remote/content/shared/RemoteError.sys.mjs:8:8
WebDriverError@chrome://remote/content/shared/webdriver/Errors.sys.mjs:199:5
NoSuchElementError@chrome://remote/content/shared/webdriver/Errors.sys.mjs:552:5
dom.find/</<@chrome://remote/content/shared/DOM.sys.mjs:136:16


Käsitellään sivu 1: https://www.etuovi.com/myytavat-asunnot/oulu/heinapaa?haku=M2284191086&sivu=1
Spotlight-mainos poistettu.
Löytyi 30 uutta linkkiä

Käsitellään sivu 2: https://www.etuovi.com/myytavat-asunnot/oulu/heinapaa?haku=M2284191086&sivu=2
Spotlight-mainos poistettu.
Löytyi 22 uutta linkkiä

Käsitellään sivu 3: https://www.etuovi.com/myytavat-asunnot/oulu/heinapaa?haku=M2284191086&sivu=3
Spotlight-mainos poistettu.
Löytyi 0 uutta linkkiä
Ei uusia linkkejä – lopetetaan.
Writing 52 rows to 'latest_listings.csv'
Save complete!
Execution time: 47.96 seconds
Looking for all_listings.csv at: /home/tuukka/python_scripts/etuovi/all_listings.csv
Exists? True
Loaded latest listings from:  /home/tuukka/python_scripts/etuovi/latest_listings.csv
todays list has 52 listings
Old dataframe contains 145 listings
Startins 'get_soup' function
Saved combined listings to:  /home/tuukka/python_scripts/etuovi/all_listings.csv
Script completed at 2026-02-09 03:01:31.365564
/home/tuukka/python_scripts/etuovi/get_listings.py:456: FutureWarning: Setting an item of incompatible dtype is deprecated and will raise an error in a future version of pandas. Value '2008' has dtype incompatible with float64, please explicitly cast to a compatible dtype first.
  df_combined.at[idx, key] = value
/home/tuukka/python_scripts/etuovi/get_listings.py:456: FutureWarning: Setting an item of incompatible dtype is deprecated and will raise an error in a future version of pandas. Value '2008' has dtype incompatible with float64, please explicitly cast to a compatible dtype first.
  df_combined.at[idx, key] = value
Käyttäjä: tuukka
HOME: /home/tuukka
Starting 'get_urls' function
Ei spotlight-mainosta tällä sivulla.
https://www.etuovi.com/myytavat-asunnot/oulu/heinapaa?haku=M2284191086
Siirrytään sivulle..
Sivu ladattu!
Cookies-popup error
An error occurred: Message: 
Stacktrace:
RemoteError@chrome://remote/content/shared/RemoteError.sys.mjs:8:8
WebDriverError@chrome://remote/content/shared/webdriver/Errors.sys.mjs:199:5
NoSuchElementError@chrome://remote/content/shared/webdriver/Errors.sys.mjs:552:5
dom.find/</<@chrome://remote/content/shared/DOM.sys.mjs:136:16


Käsitellään sivu 1: https://www.etuovi.com/myytavat-asunnot/oulu/heinapaa?haku=M2284191086&sivu=1
Spotlight-mainos poistettu.
Löytyi 30 uutta linkkiä

Käsitellään sivu 2: https://www.etuovi.com/myytavat-asunnot/oulu/heinapaa?haku=M2284191086&sivu=2
Spotlight-mainos poistettu.
Löytyi 21 uutta linkkiä

Käsitellään sivu 3: https://www.etuovi.com/myytavat-asunnot/oulu/heinapaa?haku=M2284191086&sivu=3
Spotlight-mainos poistettu.
Löytyi 0 uutta linkkiä
Ei uusia linkkejä – lopetetaan.
Writing 51 rows to 'latest_listings.csv'
Save complete!
Execution time: 36.32 seconds
Looking for all_listings.csv at: /home/tuukka/python_scripts/etuovi/all_listings.csv
Exists? True
Loaded latest listings from:  /home/tuukka/python_scripts/etuovi/latest_listings.csv
todays list has 51 listings
Old dataframe contains 145 listings
Startins 'get_soup' function
Saved combined listings to:  /home/tuukka/python_scripts/etuovi/all_listings.csv
Script completed at 2026-02-10 03:01:19.724101
/home/tuukka/python_scripts/etuovi/get_listings.py:456: FutureWarning: Setting an item of incompatible dtype is deprecated and will raise an error in a future version of pandas. Value '2008' has dtype incompatible with float64, please explicitly cast to a compatible dtype first.
  df_combined.at[idx, key] = value
/home/tuukka/python_scripts/etuovi/get_listings.py:456: FutureWarning: Setting an item of incompatible dtype is deprecated and will raise an error in a future version of pandas. Value '2008' has dtype incompatible with float64, please explicitly cast to a compatible dtype first.
  df_combined.at[idx, key] = value
Käyttäjä: tuukka
HOME: /home/tuukka
Starting 'get_urls' function
Ei spotlight-mainosta tällä sivulla.
https://www.etuovi.com/myytavat-asunnot/oulu/heinapaa?haku=M2284191086
Siirrytään sivulle..
Sivu ladattu!
Cookies-popup error
An error occurred: Message: 
Stacktrace:
RemoteError@chrome://remote/content/shared/RemoteError.sys.mjs:8:8
WebDriverError@chrome://remote/content/shared/webdriver/Errors.sys.mjs:199:5
NoSuchElementError@chrome://remote/content/shared/webdriver/Errors.sys.mjs:552:5
dom.find/</<@chrome://remote/content/shared/DOM.sys.mjs:136:16


Käsitellään sivu 1: https://www.etuovi.com/myytavat-asunnot/oulu/heinapaa?haku=M2284191086&sivu=1
Spotlight-mainos poistettu.
Löytyi 30 uutta linkkiä

Käsitellään sivu 2: https://www.etuovi.com/myytavat-asunnot/oulu/heinapaa?haku=M2284191086&sivu=2
Spotlight-mainos poistettu.
Löytyi 20 uutta linkkiä

Käsitellään sivu 3: https://www.etuovi.com/myytavat-asunnot/oulu/heinapaa?haku=M2284191086&sivu=3
Spotlight-mainos poistettu.
Löytyi 0 uutta linkkiä
Ei uusia linkkejä – lopetetaan.
Writing 50 rows to 'latest_listings.csv'
Save complete!
Execution time: 39.14 seconds
Looking for all_listings.csv at: /home/tuukka/python_scripts/etuovi/all_listings.csv
Exists? True
Loaded latest listings from:  /home/tuukka/python_scripts/etuovi/latest_listings.csv
todays list has 50 listings
Old dataframe contains 145 listings
Startins 'get_soup' function
Saved combined listings to:  /home/tuukka/python_scripts/etuovi/all_listings.csv
Script completed at 2026-02-11 03:01:22.533765
/home/tuukka/python_scripts/etuovi/get_listings.py:456: FutureWarning: Setting an item of incompatible dtype is deprecated and will raise an error in a future version of pandas. Value '2008' has dtype incompatible with float64, please explicitly cast to a compatible dtype first.
  df_combined.at[idx, key] = value
/home/tuukka/python_scripts/etuovi/get_listings.py:456: FutureWarning: Setting an item of incompatible dtype is deprecated and will raise an error in a future version of pandas. Value '2008' has dtype incompatible with float64, please explicitly cast to a compatible dtype first.
  df_combined.at[idx, key] = value
Käyttäjä: tuukka
HOME: /home/tuukka
Starting 'get_urls' function
Ei spotlight-mainosta tällä sivulla.
https://www.etuovi.com/myytavat-asunnot/oulu/heinapaa?haku=M2284191086
Siirrytään sivulle..
Sivu ladattu!
Cookies-popup error
An error occurred: Message: 
Stacktrace:
RemoteError@chrome://remote/content/shared/RemoteError.sys.mjs:8:8
WebDriverError@chrome://remote/content/shared/webdriver/Errors.sys.mjs:199:5
NoSuchElementError@chrome://remote/content/shared/webdriver/Errors.sys.mjs:552:5
dom.find/</<@chrome://remote/content/shared/DOM.sys.mjs:136:16


Käsitellään sivu 1: https://www.etuovi.com/myytavat-asunnot/oulu/heinapaa?haku=M2284191086&sivu=1
Spotlight-mainos poistettu.
Löytyi 30 uutta linkkiä

Käsitellään sivu 2: https://www.etuovi.com/myytavat-asunnot/oulu/heinapaa?haku=M2284191086&sivu=2
Spotlight-mainos poistettu.
Löytyi 20 uutta linkkiä

Käsitellään sivu 3: https://www.etuovi.com/myytavat-asunnot/oulu/heinapaa?haku=M2284191086&sivu=3
Spotlight-mainos poistettu.
Löytyi 0 uutta linkkiä
Ei uusia linkkejä – lopetetaan.
Writing 50 rows to 'latest_listings.csv'
Save complete!
Execution time: 37.86 seconds
Looking for all_listings.csv at: /home/tuukka/python_scripts/etuovi/all_listings.csv
Exists? True
Loaded latest listings from:  /home/tuukka/python_scripts/etuovi/latest_listings.csv
todays list has 50 listings
Old dataframe contains 145 listings
Startins 'get_soup' function
Saved combined listings to:  /home/tuukka/python_scripts/etuovi/all_listings.csv
Script completed at 2026-02-12 03:01:21.103578
/home/tuukka/python_scripts/etuovi/get_listings.py:456: FutureWarning: Setting an item of incompatible dtype is deprecated and will raise an error in a future version of pandas. Value '2008' has dtype incompatible with float64, please explicitly cast to a compatible dtype first.
  df_combined.at[idx, key] = value
/home/tuukka/python_scripts/etuovi/get_listings.py:456: FutureWarning: Setting an item of incompatible dtype is deprecated and will raise an error in a future version of pandas. Value '2008' has dtype incompatible with float64, please explicitly cast to a compatible dtype first.
  df_combined.at[idx, key] = value
Käyttäjä: tuukka
HOME: /home/tuukka
Starting 'get_urls' function
Ei spotlight-mainosta tällä sivulla.
https://www.etuovi.com/myytavat-asunnot/oulu/heinapaa?haku=M2284191086
Siirrytään sivulle..
Sivu ladattu!
Cookies-popup error
An error occurred: Message: 
Stacktrace:
RemoteError@chrome://remote/content/shared/RemoteError.sys.mjs:8:8
WebDriverError@chrome://remote/content/shared/webdriver/Errors.sys.mjs:199:5
NoSuchElementError@chrome://remote/content/shared/webdriver/Errors.sys.mjs:552:5
dom.find/</<@chrome://remote/content/shared/DOM.sys.mjs:136:16


Käsitellään sivu 1: https://www.etuovi.com/myytavat-asunnot/oulu/heinapaa?haku=M2284191086&sivu=1
Spotlight-mainos poistettu.
Löytyi 30 uutta linkkiä

Käsitellään sivu 2: https://www.etuovi.com/myytavat-asunnot/oulu/heinapaa?haku=M2284191086&sivu=2
Spotlight-mainos poistettu.
Löytyi 18 uutta linkkiä

Käsitellään sivu 3: https://www.etuovi.com/myytavat-asunnot/oulu/heinapaa?haku=M2284191086&sivu=3
Spotlight-mainos poistettu.
Löytyi 0 uutta linkkiä
Ei uusia linkkejä – lopetetaan.
Writing 48 rows to 'latest_listings.csv'
Save complete!
Execution time: 45.77 seconds
Looking for all_listings.csv at: /home/tuukka/python_scripts/etuovi/all_listings.csv
Exists? True
Loaded latest listings from:  /home/tuukka/python_scripts/etuovi/latest_listings.csv
todays list has 48 listings
Old dataframe contains 145 listings
Startins 'get_soup' function
Saved combined listings to:  /home/tuukka/python_scripts/etuovi/all_listings.csv
Script completed at 2026-02-13 03:01:34.629371
/home/tuukka/python_scripts/etuovi/get_listings.py:456: FutureWarning: Setting an item of incompatible dtype is deprecated and will raise an error in a future version of pandas. Value '2008' has dtype incompatible with float64, please explicitly cast to a compatible dtype first.
  df_combined.at[idx, key] = value
/home/tuukka/python_scripts/etuovi/get_listings.py:456: FutureWarning: Setting an item of incompatible dtype is deprecated and will raise an error in a future version of pandas. Value '2008' has dtype incompatible with float64, please explicitly cast to a compatible dtype first.
  df_combined.at[idx, key] = value
Käyttäjä: tuukka
HOME: /home/tuukka
Starting 'get_urls' function
Ei spotlight-mainosta tällä sivulla.
https://www.etuovi.com/myytavat-asunnot/oulu/heinapaa?haku=M2284191086
Siirrytään sivulle..
Sivu ladattu!
Cookies-popup error
An error occurred: Message: 
Stacktrace:
RemoteError@chrome://remote/content/shared/RemoteError.sys.mjs:8:8
WebDriverError@chrome://remote/content/shared/webdriver/Errors.sys.mjs:199:5
NoSuchElementError@chrome://remote/content/shared/webdriver/Errors.sys.mjs:552:5
dom.find/</<@chrome://remote/content/shared/DOM.sys.mjs:136:16


Käsitellään sivu 1: https://www.etuovi.com/myytavat-asunnot/oulu/heinapaa?haku=M2284191086&sivu=1
Spotlight-mainos poistettu.
Löytyi 30 uutta linkkiä

Käsitellään sivu 2: https://www.etuovi.com/myytavat-asunnot/oulu/heinapaa?haku=M2284191086&sivu=2
Spotlight-mainos poistettu.
Löytyi 19 uutta linkkiä

Käsitellään sivu 3: https://www.etuovi.com/myytavat-asunnot/oulu/heinapaa?haku=M2284191086&sivu=3
Spotlight-mainos poistettu.
Löytyi 0 uutta linkkiä
Ei uusia linkkejä – lopetetaan.
Writing 49 rows to 'latest_listings.csv'
Save complete!
Execution time: 42.56 seconds
Looking for all_listings.csv at: /home/tuukka/python_scripts/etuovi/all_listings.csv
Exists? True
Loaded latest listings from:  /home/tuukka/python_scripts/etuovi/latest_listings.csv
todays list has 49 listings
Old dataframe contains 147 listings
Startins 'get_soup' function
Saved combined listings to:  /home/tuukka/python_scripts/etuovi/all_listings.csv
Script completed at 2026-02-14 03:01:31.944770
/home/tuukka/python_scripts/etuovi/get_listings.py:456: FutureWarning: Setting an item of incompatible dtype is deprecated and will raise an error in a future version of pandas. Value '2008' has dtype incompatible with float64, please explicitly cast to a compatible dtype first.
  df_combined.at[idx, key] = value
/home/tuukka/python_scripts/etuovi/get_listings.py:456: FutureWarning: Setting an item of incompatible dtype is deprecated and will raise an error in a future version of pandas. Value '2008' has dtype incompatible with float64, please explicitly cast to a compatible dtype first.
  df_combined.at[idx, key] = value
Käyttäjä: tuukka
HOME: /home/tuukka
Starting 'get_urls' function
Ei spotlight-mainosta tällä sivulla.
https://www.etuovi.com/myytavat-asunnot/oulu/heinapaa?haku=M2284191086
Siirrytään sivulle..
Sivu ladattu!
Cookies-popup error
An error occurred: Message: 
Stacktrace:
RemoteError@chrome://remote/content/shared/RemoteError.sys.mjs:8:8
WebDriverError@chrome://remote/content/shared/webdriver/Errors.sys.mjs:199:5
NoSuchElementError@chrome://remote/content/shared/webdriver/Errors.sys.mjs:552:5
dom.find/</<@chrome://remote/content/shared/DOM.sys.mjs:136:16


Käsitellään sivu 1: https://www.etuovi.com/myytavat-asunnot/oulu/heinapaa?haku=M2284191086&sivu=1
Spotlight-mainos poistettu.
Löytyi 30 uutta linkkiä

Käsitellään sivu 2: https://www.etuovi.com/myytavat-asunnot/oulu/heinapaa?haku=M2284191086&sivu=2
Spotlight-mainos poistettu.
Löytyi 20 uutta linkkiä

Käsitellään sivu 3: https://www.etuovi.com/myytavat-asunnot/oulu/heinapaa?haku=M2284191086&sivu=3
Spotlight-mainos poistettu.
Löytyi 0 uutta linkkiä
Ei uusia linkkejä – lopetetaan.
Writing 50 rows to 'latest_listings.csv'
Save complete!
Execution time: 43.47 seconds
Looking for all_listings.csv at: /home/tuukka/python_scripts/etuovi/all_listings.csv
Exists? True
Loaded latest listings from:  /home/tuukka/python_scripts/etuovi/latest_listings.csv
todays list has 50 listings
Old dataframe contains 148 listings
Startins 'get_soup' function
Saved combined listings to:  /home/tuukka/python_scripts/etuovi/all_listings.csv
Script completed at 2026-02-15 03:01:27.508387
/home/tuukka/python_scripts/etuovi/get_listings.py:456: FutureWarning: Setting an item of incompatible dtype is deprecated and will raise an error in a future version of pandas. Value '2008' has dtype incompatible with float64, please explicitly cast to a compatible dtype first.
  df_combined.at[idx, key] = value
/home/tuukka/python_scripts/etuovi/get_listings.py:456: FutureWarning: Setting an item of incompatible dtype is deprecated and will raise an error in a future version of pandas. Value '2008' has dtype incompatible with float64, please explicitly cast to a compatible dtype first.
  df_combined.at[idx, key] = value
Käyttäjä: tuukka
HOME: /home/tuukka
Starting 'get_urls' function
Ei spotlight-mainosta tällä sivulla.
https://www.etuovi.com/myytavat-asunnot/oulu/heinapaa?haku=M2284191086
Siirrytään sivulle..
Sivu ladattu!
Cookies-popup error
An error occurred: Message: 
Stacktrace:
RemoteError@chrome://remote/content/shared/RemoteError.sys.mjs:8:8
WebDriverError@chrome://remote/content/shared/webdriver/Errors.sys.mjs:199:5
NoSuchElementError@chrome://remote/content/shared/webdriver/Errors.sys.mjs:552:5
dom.find/</<@chrome://remote/content/shared/DOM.sys.mjs:136:16


Käsitellään sivu 1: https://www.etuovi.com/myytavat-asunnot/oulu/heinapaa?haku=M2284191086&sivu=1
Spotlight-mainos poistettu.
Löytyi 30 uutta linkkiä

Käsitellään sivu 2: https://www.etuovi.com/myytavat-asunnot/oulu/heinapaa?haku=M2284191086&sivu=2
Spotlight-mainos poistettu.
Löytyi 18 uutta linkkiä

Käsitellään sivu 3: https://www.etuovi.com/myytavat-asunnot/oulu/heinapaa?haku=M2284191086&sivu=3
Spotlight-mainos poistettu.
Löytyi 0 uutta linkkiä
Ei uusia linkkejä – lopetetaan.
Writing 48 rows to 'latest_listings.csv'
Save complete!
Execution time: 41.33 seconds
Looking for all_listings.csv at: /home/tuukka/python_scripts/etuovi/all_listings.csv
Exists? True
Loaded latest listings from:  /home/tuukka/python_scripts/etuovi/latest_listings.csv
todays list has 48 listings
Old dataframe contains 148 listings
Startins 'get_soup' function
Saved combined listings to:  /home/tuukka/python_scripts/etuovi/all_listings.csv
Script completed at 2026-02-16 03:01:25.492833
/home/tuukka/python_scripts/etuovi/get_listings.py:456: FutureWarning: Setting an item of incompatible dtype is deprecated and will raise an error in a future version of pandas. Value '2008' has dtype incompatible with float64, please explicitly cast to a compatible dtype first.
  df_combined.at[idx, key] = value
/home/tuukka/python_scripts/etuovi/get_listings.py:456: FutureWarning: Setting an item of incompatible dtype is deprecated and will raise an error in a future version of pandas. Value '2008' has dtype incompatible with float64, please explicitly cast to a compatible dtype first.
  df_combined.at[idx, key] = value
Käyttäjä: tuukka
HOME: /home/tuukka
Starting 'get_urls' function
Ei spotlight-mainosta tällä sivulla.
https://www.etuovi.com/myytavat-asunnot/oulu/heinapaa?haku=M2284191086
Siirrytään sivulle..
Sivu ladattu!
Cookies-popup error
An error occurred: Message: 
Stacktrace:
RemoteError@chrome://remote/content/shared/RemoteError.sys.mjs:8:8
WebDriverError@chrome://remote/content/shared/webdriver/Errors.sys.mjs:199:5
NoSuchElementError@chrome://remote/content/shared/webdriver/Errors.sys.mjs:552:5
dom.find/</<@chrome://remote/content/shared/DOM.sys.mjs:136:16


Käsitellään sivu 1: https://www.etuovi.com/myytavat-asunnot/oulu/heinapaa?haku=M2284191086&sivu=1
Spotlight-mainos poistettu.
Löytyi 30 uutta linkkiä

Käsitellään sivu 2: https://www.etuovi.com/myytavat-asunnot/oulu/heinapaa?haku=M2284191086&sivu=2
Spotlight-mainos poistettu.
Löytyi 19 uutta linkkiä

Käsitellään sivu 3: https://www.etuovi.com/myytavat-asunnot/oulu/heinapaa?haku=M2284191086&sivu=3
Spotlight-mainos poistettu.
Löytyi 0 uutta linkkiä
Ei uusia linkkejä – lopetetaan.
Writing 49 rows to 'latest_listings.csv'
Save complete!
Execution time: 38.99 seconds
Looking for all_listings.csv at: /home/tuukka/python_scripts/etuovi/all_listings.csv
Exists? True
Loaded latest listings from:  /home/tuukka/python_scripts/etuovi/latest_listings.csv
todays list has 49 listings
Old dataframe contains 148 listings
Startins 'get_soup' function
Saved combined listings to:  /home/tuukka/python_scripts/etuovi/all_listings.csv
Script completed at 2026-02-17 03:01:35.822958
/home/tuukka/python_scripts/etuovi/get_listings.py:456: FutureWarning: Setting an item of incompatible dtype is deprecated and will raise an error in a future version of pandas. Value '2008' has dtype incompatible with float64, please explicitly cast to a compatible dtype first.
  df_combined.at[idx, key] = value
/home/tuukka/python_scripts/etuovi/get_listings.py:456: FutureWarning: Setting an item of incompatible dtype is deprecated and will raise an error in a future version of pandas. Value '2008' has dtype incompatible with float64, please explicitly cast to a compatible dtype first.
  df_combined.at[idx, key] = value
Käyttäjä: tuukka
HOME: /home/tuukka
Starting 'get_urls' function
Ei spotlight-mainosta tällä sivulla.
https://www.etuovi.com/myytavat-asunnot/oulu/heinapaa?haku=M2284191086
Siirrytään sivulle..
Sivu ladattu!
Cookies-popup error
An error occurred: Message: 
Stacktrace:
RemoteError@chrome://remote/content/shared/RemoteError.sys.mjs:8:8
WebDriverError@chrome://remote/content/shared/webdriver/Errors.sys.mjs:199:5
NoSuchElementError@chrome://remote/content/shared/webdriver/Errors.sys.mjs:552:5
dom.find/</<@chrome://remote/content/shared/DOM.sys.mjs:136:16


Käsitellään sivu 1: https://www.etuovi.com/myytavat-asunnot/oulu/heinapaa?haku=M2284191086&sivu=1
Spotlight-mainos poistettu.
Löytyi 30 uutta linkkiä

Käsitellään sivu 2: https://www.etuovi.com/myytavat-asunnot/oulu/heinapaa?haku=M2284191086&sivu=2
Spotlight-mainos poistettu.
Löytyi 21 uutta linkkiä

Käsitellään sivu 3: https://www.etuovi.com/myytavat-asunnot/oulu/heinapaa?haku=M2284191086&sivu=3
Spotlight-mainos poistettu.
Löytyi 0 uutta linkkiä
Ei uusia linkkejä – lopetetaan.
Writing 51 rows to 'latest_listings.csv'
Save complete!
Execution time: 47.73 seconds
Looking for all_listings.csv at: /home/tuukka/python_scripts/etuovi/all_listings.csv
Exists? True
Loaded latest listings from:  /home/tuukka/python_scripts/etuovi/latest_listings.csv
todays list has 51 listings
Old dataframe contains 150 listings
Startins 'get_soup' function
Saved combined listings to:  /home/tuukka/python_scripts/etuovi/all_listings.csv
Script completed at 2026-02-18 03:01:40.547795
/home/tuukka/python_scripts/etuovi/get_listings.py:456: FutureWarning: Setting an item of incompatible dtype is deprecated and will raise an error in a future version of pandas. Value '2008' has dtype incompatible with float64, please explicitly cast to a compatible dtype first.
  df_combined.at[idx, key] = value
/home/tuukka/python_scripts/etuovi/get_listings.py:456: FutureWarning: Setting an item of incompatible dtype is deprecated and will raise an error in a future version of pandas. Value '2008' has dtype incompatible with float64, please explicitly cast to a compatible dtype first.
  df_combined.at[idx, key] = value
Käyttäjä: tuukka
HOME: /home/tuukka
Starting 'get_urls' function
Ei spotlight-mainosta tällä sivulla.
https://www.etuovi.com/myytavat-asunnot/oulu/heinapaa?haku=M2284191086
Siirrytään sivulle..
Sivu ladattu!
Cookies-popup error
An error occurred: Message: 
Stacktrace:
RemoteError@chrome://remote/content/shared/RemoteError.sys.mjs:8:8
WebDriverError@chrome://remote/content/shared/webdriver/Errors.sys.mjs:199:5
NoSuchElementError@chrome://remote/content/shared/webdriver/Errors.sys.mjs:552:5
dom.find/</<@chrome://remote/content/shared/DOM.sys.mjs:136:16


Käsitellään sivu 1: https://www.etuovi.com/myytavat-asunnot/oulu/heinapaa?haku=M2284191086&sivu=1
Spotlight-mainos poistettu.
Löytyi 30 uutta linkkiä

Käsitellään sivu 2: https://www.etuovi.com/myytavat-asunnot/oulu/heinapaa?haku=M2284191086&sivu=2
Spotlight-mainos poistettu.
Löytyi 22 uutta linkkiä

Käsitellään sivu 3: https://www.etuovi.com/myytavat-asunnot/oulu/heinapaa?haku=M2284191086&sivu=3
Spotlight-mainos poistettu.
Löytyi 0 uutta linkkiä
Ei uusia linkkejä – lopetetaan.
Writing 52 rows to 'latest_listings.csv'
Save complete!
Execution time: 38.77 seconds
Looking for all_listings.csv at: /home/tuukka/python_scripts/etuovi/all_listings.csv
Exists? True
Loaded latest listings from:  /home/tuukka/python_scripts/etuovi/latest_listings.csv
todays list has 52 listings
Old dataframe contains 152 listings
Startins 'get_soup' function
Saved combined listings to:  /home/tuukka/python_scripts/etuovi/all_listings.csv
Script completed at 2026-02-19 03:01:28.405521
/home/tuukka/python_scripts/etuovi/get_listings.py:456: FutureWarning: Setting an item of incompatible dtype is deprecated and will raise an error in a future version of pandas. Value '2008' has dtype incompatible with float64, please explicitly cast to a compatible dtype first.
  df_combined.at[idx, key] = value
/home/tuukka/python_scripts/etuovi/get_listings.py:456: FutureWarning: Setting an item of incompatible dtype is deprecated and will raise an error in a future version of pandas. Value '2008' has dtype incompatible with float64, please explicitly cast to a compatible dtype first.
  df_combined.at[idx, key] = value
Käyttäjä: tuukka
HOME: /home/tuukka
Starting 'get_urls' function
Ei spotlight-mainosta tällä sivulla.
https://www.etuovi.com/myytavat-asunnot/oulu/heinapaa?haku=M2284191086
Siirrytään sivulle..
Sivu ladattu!
Cookies-popup error
An error occurred: Message: 
Stacktrace:
RemoteError@chrome://remote/content/shared/RemoteError.sys.mjs:8:8
WebDriverError@chrome://remote/content/shared/webdriver/Errors.sys.mjs:199:5
NoSuchElementError@chrome://remote/content/shared/webdriver/Errors.sys.mjs:552:5
dom.find/</<@chrome://remote/content/shared/DOM.sys.mjs:136:16


Käsitellään sivu 1: https://www.etuovi.com/myytavat-asunnot/oulu/heinapaa?haku=M2284191086&sivu=1
Spotlight-mainos poistettu.
Löytyi 30 uutta linkkiä

Käsitellään sivu 2: https://www.etuovi.com/myytavat-asunnot/oulu/heinapaa?haku=M2284191086&sivu=2
Spotlight-mainos poistettu.
Löytyi 21 uutta linkkiä

Käsitellään sivu 3: https://www.etuovi.com/myytavat-asunnot/oulu/heinapaa?haku=M2284191086&sivu=3
Spotlight-mainos poistettu.
Löytyi 0 uutta linkkiä
Ei uusia linkkejä – lopetetaan.
Writing 51 rows to 'latest_listings.csv'
Save complete!
Execution time: 49.06 seconds
Looking for all_listings.csv at: /home/tuukka/python_scripts/etuovi/all_listings.csv
Exists? True
Loaded latest listings from:  /home/tuukka/python_scripts/etuovi/latest_listings.csv
todays list has 51 listings
Old dataframe contains 153 listings
Startins 'get_soup' function
Saved combined listings to:  /home/tuukka/python_scripts/etuovi/all_listings.csv
Script completed at 2026-02-20 03:01:34.946589
/home/tuukka/python_scripts/etuovi/get_listings.py:456: FutureWarning: Setting an item of incompatible dtype is deprecated and will raise an error in a future version of pandas. Value '2008' has dtype incompatible with float64, please explicitly cast to a compatible dtype first.
  df_combined.at[idx, key] = value
/home/tuukka/python_scripts/etuovi/get_listings.py:456: FutureWarning: Setting an item of incompatible dtype is deprecated and will raise an error in a future version of pandas. Value '2008' has dtype incompatible with float64, please explicitly cast to a compatible dtype first.
  df_combined.at[idx, key] = value
Käyttäjä: tuukka
HOME: /home/tuukka
Starting 'get_urls' function
Ei spotlight-mainosta tällä sivulla.
https://www.etuovi.com/myytavat-asunnot/oulu/heinapaa?haku=M2284191086
Siirrytään sivulle..
Sivu ladattu!
Cookies-popup error
An error occurred: Message: 
Stacktrace:
RemoteError@chrome://remote/content/shared/RemoteError.sys.mjs:8:8
WebDriverError@chrome://remote/content/shared/webdriver/Errors.sys.mjs:199:5
NoSuchElementError@chrome://remote/content/shared/webdriver/Errors.sys.mjs:552:5
dom.find/</<@chrome://remote/content/shared/DOM.sys.mjs:136:16


Käsitellään sivu 1: https://www.etuovi.com/myytavat-asunnot/oulu/heinapaa?haku=M2284191086&sivu=1
Spotlight-mainos poistettu.
Löytyi 30 uutta linkkiä

Käsitellään sivu 2: https://www.etuovi.com/myytavat-asunnot/oulu/heinapaa?haku=M2284191086&sivu=2
Spotlight-mainos poistettu.
Löytyi 21 uutta linkkiä

Käsitellään sivu 3: https://www.etuovi.com/myytavat-asunnot/oulu/heinapaa?haku=M2284191086&sivu=3
Spotlight-mainos poistettu.
Löytyi 0 uutta linkkiä
Ei uusia linkkejä – lopetetaan.
Writing 51 rows to 'latest_listings.csv'
Save complete!
Execution time: 39.90 seconds
Looking for all_listings.csv at: /home/tuukka/python_scripts/etuovi/all_listings.csv
Exists? True
Loaded latest listings from:  /home/tuukka/python_scripts/etuovi/latest_listings.csv
todays list has 51 listings
Old dataframe contains 153 listings
Startins 'get_soup' function
Saved combined listings to:  /home/tuukka/python_scripts/etuovi/all_listings.csv
Script completed at 2026-02-21 03:01:31.342450
/home/tuukka/python_scripts/etuovi/get_listings.py:456: FutureWarning: Setting an item of incompatible dtype is deprecated and will raise an error in a future version of pandas. Value '2008' has dtype incompatible with float64, please explicitly cast to a compatible dtype first.
  df_combined.at[idx, key] = value
/home/tuukka/python_scripts/etuovi/get_listings.py:456: FutureWarning: Setting an item of incompatible dtype is deprecated and will raise an error in a future version of pandas. Value '2008' has dtype incompatible with float64, please explicitly cast to a compatible dtype first.
  df_combined.at[idx, key] = value
Käyttäjä: tuukka
HOME: /home/tuukka
Starting 'get_urls' function
Ei spotlight-mainosta tällä sivulla.
https://www.etuovi.com/myytavat-asunnot/oulu/heinapaa?haku=M2284191086
Siirrytään sivulle..
Sivu ladattu!
Cookies-popup error
An error occurred: Message: 
Stacktrace:
RemoteError@chrome://remote/content/shared/RemoteError.sys.mjs:8:8
WebDriverError@chrome://remote/content/shared/webdriver/Errors.sys.mjs:199:5
NoSuchElementError@chrome://remote/content/shared/webdriver/Errors.sys.mjs:552:5
dom.find/</<@chrome://remote/content/shared/DOM.sys.mjs:136:16


Käsitellään sivu 1: https://www.etuovi.com/myytavat-asunnot/oulu/heinapaa?haku=M2284191086&sivu=1
Spotlight-mainos poistettu.
Löytyi 30 uutta linkkiä

Käsitellään sivu 2: https://www.etuovi.com/myytavat-asunnot/oulu/heinapaa?haku=M2284191086&sivu=2
Spotlight-mainos poistettu.
Löytyi 21 uutta linkkiä

Käsitellään sivu 3: https://www.etuovi.com/myytavat-asunnot/oulu/heinapaa?haku=M2284191086&sivu=3
Spotlight-mainos poistettu.
Löytyi 0 uutta linkkiä
Ei uusia linkkejä – lopetetaan.
Writing 51 rows to 'latest_listings.csv'
Save complete!
Execution time: 35.30 seconds
Looking for all_listings.csv at: /home/tuukka/python_scripts/etuovi/all_listings.csv
Exists? True
Loaded latest listings from:  /home/tuukka/python_scripts/etuovi/latest_listings.csv
todays list has 51 listings
Old dataframe contains 154 listings
Startins 'get_soup' function
Saved combined listings to:  /home/tuukka/python_scripts/etuovi/all_listings.csv
Script completed at 2026-02-22 03:01:21.497466
/home/tuukka/python_scripts/etuovi/get_listings.py:456: FutureWarning: Setting an item of incompatible dtype is deprecated and will raise an error in a future version of pandas. Value '2008' has dtype incompatible with float64, please explicitly cast to a compatible dtype first.
  df_combined.at[idx, key] = value
/home/tuukka/python_scripts/etuovi/get_listings.py:456: FutureWarning: Setting an item of incompatible dtype is deprecated and will raise an error in a future version of pandas. Value '2008' has dtype incompatible with float64, please explicitly cast to a compatible dtype first.
  df_combined.at[idx, key] = value
Käyttäjä: tuukka
HOME: /home/tuukka
Starting 'get_urls' function
Ei spotlight-mainosta tällä sivulla.
https://www.etuovi.com/myytavat-asunnot/oulu/heinapaa?haku=M2284191086
Siirrytään sivulle..
Sivu ladattu!
Cookies-popup error
An error occurred: Message: 
Stacktrace:
RemoteError@chrome://remote/content/shared/RemoteError.sys.mjs:8:8
WebDriverError@chrome://remote/content/shared/webdriver/Errors.sys.mjs:199:5
NoSuchElementError@chrome://remote/content/shared/webdriver/Errors.sys.mjs:552:5
dom.find/</<@chrome://remote/content/shared/DOM.sys.mjs:136:16


Käsitellään sivu 1: https://www.etuovi.com/myytavat-asunnot/oulu/heinapaa?haku=M2284191086&sivu=1
Spotlight-mainos poistettu.
Löytyi 30 uutta linkkiä

Käsitellään sivu 2: https://www.etuovi.com/myytavat-asunnot/oulu/heinapaa?haku=M2284191086&sivu=2
Spotlight-mainos poistettu.
Löytyi 21 uutta linkkiä

Käsitellään sivu 3: https://www.etuovi.com/myytavat-asunnot/oulu/heinapaa?haku=M2284191086&sivu=3
Spotlight-mainos poistettu.
Löytyi 0 uutta linkkiä
Ei uusia linkkejä – lopetetaan.
Writing 51 rows to 'latest_listings.csv'
Save complete!
Execution time: 37.22 seconds
Looking for all_listings.csv at: /home/tuukka/python_scripts/etuovi/all_listings.csv
Exists? True
Loaded latest listings from:  /home/tuukka/python_scripts/etuovi/latest_listings.csv
todays list has 51 listings
Old dataframe contains 154 listings
Startins 'get_soup' function
Saved combined listings to:  /home/tuukka/python_scripts/etuovi/all_listings.csv
Script completed at 2026-02-23 03:01:22.754472
/home/tuukka/python_scripts/etuovi/get_listings.py:456: FutureWarning: Setting an item of incompatible dtype is deprecated and will raise an error in a future version of pandas. Value '2008' has dtype incompatible with float64, please explicitly cast to a compatible dtype first.
  df_combined.at[idx, key] = value
/home/tuukka/python_scripts/etuovi/get_listings.py:456: FutureWarning: Setting an item of incompatible dtype is deprecated and will raise an error in a future version of pandas. Value '2008' has dtype incompatible with float64, please explicitly cast to a compatible dtype first.
  df_combined.at[idx, key] = value
Käyttäjä: tuukka
HOME: /home/tuukka
Starting 'get_urls' function
Ei spotlight-mainosta tällä sivulla.
https://www.etuovi.com/myytavat-asunnot/oulu/heinapaa?haku=M2284191086
Siirrytään sivulle..
Sivu ladattu!
Cookies-popup error
An error occurred: Message: 
Stacktrace:
RemoteError@chrome://remote/content/shared/RemoteError.sys.mjs:8:8
WebDriverError@chrome://remote/content/shared/webdriver/Errors.sys.mjs:199:5
NoSuchElementError@chrome://remote/content/shared/webdriver/Errors.sys.mjs:552:5
dom.find/</<@chrome://remote/content/shared/DOM.sys.mjs:136:16


Käsitellään sivu 1: https://www.etuovi.com/myytavat-asunnot/oulu/heinapaa?haku=M2284191086&sivu=1
Spotlight-mainos poistettu.
Löytyi 30 uutta linkkiä

Käsitellään sivu 2: https://www.etuovi.com/myytavat-asunnot/oulu/heinapaa?haku=M2284191086&sivu=2
Spotlight-mainos poistettu.
Löytyi 21 uutta linkkiä

Käsitellään sivu 3: https://www.etuovi.com/myytavat-asunnot/oulu/heinapaa?haku=M2284191086&sivu=3
Spotlight-mainos poistettu.
Löytyi 0 uutta linkkiä
Ei uusia linkkejä – lopetetaan.
Writing 51 rows to 'latest_listings.csv'
Save complete!
Execution time: 41.34 seconds
Looking for all_listings.csv at: /home/tuukka/python_scripts/etuovi/all_listings.csv
Exists? True
Loaded latest listings from:  /home/tuukka/python_scripts/etuovi/latest_listings.csv
todays list has 51 listings
Old dataframe contains 154 listings
Startins 'get_soup' function
Saved combined listings to:  /home/tuukka/python_scripts/etuovi/all_listings.csv
Script completed at 2026-02-24 03:01:26.408763
/home/tuukka/python_scripts/etuovi/get_listings.py:456: FutureWarning: Setting an item of incompatible dtype is deprecated and will raise an error in a future version of pandas. Value '2008' has dtype incompatible with float64, please explicitly cast to a compatible dtype first.
  df_combined.at[idx, key] = value
/home/tuukka/python_scripts/etuovi/get_listings.py:456: FutureWarning: Setting an item of incompatible dtype is deprecated and will raise an error in a future version of pandas. Value '2008' has dtype incompatible with float64, please explicitly cast to a compatible dtype first.
  df_combined.at[idx, key] = value
Käyttäjä: tuukka
HOME: /home/tuukka
Starting 'get_urls' function
Ei spotlight-mainosta tällä sivulla.
https://www.etuovi.com/myytavat-asunnot/oulu/heinapaa?haku=M2284191086
Siirrytään sivulle..
Sivu ladattu!
Cookies-popup error
An error occurred: Message: 
Stacktrace:
RemoteError@chrome://remote/content/shared/RemoteError.sys.mjs:8:8
WebDriverError@chrome://remote/content/shared/webdriver/Errors.sys.mjs:199:5
NoSuchElementError@chrome://remote/content/shared/webdriver/Errors.sys.mjs:552:5
dom.find/</<@chrome://remote/content/shared/DOM.sys.mjs:136:16


Käsitellään sivu 1: https://www.etuovi.com/myytavat-asunnot/oulu/heinapaa?haku=M2284191086&sivu=1
Spotlight-mainos poistettu.
Löytyi 30 uutta linkkiä

Käsitellään sivu 2: https://www.etuovi.com/myytavat-asunnot/oulu/heinapaa?haku=M2284191086&sivu=2
Spotlight-mainos poistettu.
Löytyi 22 uutta linkkiä

Käsitellään sivu 3: https://www.etuovi.com/myytavat-asunnot/oulu/heinapaa?haku=M2284191086&sivu=3
Spotlight-mainos poistettu.
Löytyi 0 uutta linkkiä
Ei uusia linkkejä – lopetetaan.
Writing 52 rows to 'latest_listings.csv'
Save complete!
Execution time: 38.07 seconds
Looking for all_listings.csv at: /home/tuukka/python_scripts/etuovi/all_listings.csv
Exists? True
Loaded latest listings from:  /home/tuukka/python_scripts/etuovi/latest_listings.csv
todays list has 52 listings
Old dataframe contains 154 listings
Startins 'get_soup' function
Saved combined listings to:  /home/tuukka/python_scripts/etuovi/all_listings.csv
Script completed at 2026-02-25 03:01:26.440839
/home/tuukka/python_scripts/etuovi/get_listings.py:456: FutureWarning: Setting an item of incompatible dtype is deprecated and will raise an error in a future version of pandas. Value '2008' has dtype incompatible with float64, please explicitly cast to a compatible dtype first.
  df_combined.at[idx, key] = value
/home/tuukka/python_scripts/etuovi/get_listings.py:456: FutureWarning: Setting an item of incompatible dtype is deprecated and will raise an error in a future version of pandas. Value '2008' has dtype incompatible with float64, please explicitly cast to a compatible dtype first.
  df_combined.at[idx, key] = value
Käyttäjä: tuukka
HOME: /home/tuukka
Starting 'get_urls' function
Ei spotlight-mainosta tällä sivulla.
https://www.etuovi.com/myytavat-asunnot/oulu/heinapaa?haku=M2284191086
Siirrytään sivulle..
Sivu ladattu!
Cookies-popup error
An error occurred: Message: 
Stacktrace:
RemoteError@chrome://remote/content/shared/RemoteError.sys.mjs:8:8
WebDriverError@chrome://remote/content/shared/webdriver/Errors.sys.mjs:199:5
NoSuchElementError@chrome://remote/content/shared/webdriver/Errors.sys.mjs:552:5
dom.find/</<@chrome://remote/content/shared/DOM.sys.mjs:136:16


Käsitellään sivu 1: https://www.etuovi.com/myytavat-asunnot/oulu/heinapaa?haku=M2284191086&sivu=1
Spotlight-mainos poistettu.
Löytyi 30 uutta linkkiä

Käsitellään sivu 2: https://www.etuovi.com/myytavat-asunnot/oulu/heinapaa?haku=M2284191086&sivu=2
Spotlight-mainos poistettu.
Löytyi 22 uutta linkkiä

Käsitellään sivu 3: https://www.etuovi.com/myytavat-asunnot/oulu/heinapaa?haku=M2284191086&sivu=3
Spotlight-mainos poistettu.
Löytyi 0 uutta linkkiä
Ei uusia linkkejä – lopetetaan.
Writing 52 rows to 'latest_listings.csv'
Save complete!
Execution time: 47.33 seconds
Looking for all_listings.csv at: /home/tuukka/python_scripts/etuovi/all_listings.csv
Exists? True
Loaded latest listings from:  /home/tuukka/python_scripts/etuovi/latest_listings.csv
todays list has 52 listings
Old dataframe contains 155 listings
Startins 'get_soup' function
Saved combined listings to:  /home/tuukka/python_scripts/etuovi/all_listings.csv
Script completed at 2026-02-26 03:01:33.553633
/home/tuukka/python_scripts/etuovi/get_listings.py:456: FutureWarning: Setting an item of incompatible dtype is deprecated and will raise an error in a future version of pandas. Value '2008' has dtype incompatible with float64, please explicitly cast to a compatible dtype first.
  df_combined.at[idx, key] = value
/home/tuukka/python_scripts/etuovi/get_listings.py:456: FutureWarning: Setting an item of incompatible dtype is deprecated and will raise an error in a future version of pandas. Value '2008' has dtype incompatible with float64, please explicitly cast to a compatible dtype first.
  df_combined.at[idx, key] = value
Käyttäjä: tuukka
HOME: /home/tuukka
Starting 'get_urls' function
Ei spotlight-mainosta tällä sivulla.
https://www.etuovi.com/myytavat-asunnot/oulu/heinapaa?haku=M2284191086
Siirrytään sivulle..
Sivu ladattu!
Cookies-popup error
An error occurred: Message: 
Stacktrace:
RemoteError@chrome://remote/content/shared/RemoteError.sys.mjs:8:8
WebDriverError@chrome://remote/content/shared/webdriver/Errors.sys.mjs:199:5
NoSuchElementError@chrome://remote/content/shared/webdriver/Errors.sys.mjs:552:5
dom.find/</<@chrome://remote/content/shared/DOM.sys.mjs:136:16


Käsitellään sivu 1: https://www.etuovi.com/myytavat-asunnot/oulu/heinapaa?haku=M2284191086&sivu=1
Spotlight-mainos poistettu.
Löytyi 30 uutta linkkiä

Käsitellään sivu 2: https://www.etuovi.com/myytavat-asunnot/oulu/heinapaa?haku=M2284191086&sivu=2
Spotlight-mainos poistettu.
Löytyi 24 uutta linkkiä

Käsitellään sivu 3: https://www.etuovi.com/myytavat-asunnot/oulu/heinapaa?haku=M2284191086&sivu=3
Spotlight-mainos poistettu.
Löytyi 0 uutta linkkiä
Ei uusia linkkejä – lopetetaan.
Writing 54 rows to 'latest_listings.csv'
Save complete!
Execution time: 44.40 seconds
Looking for all_listings.csv at: /home/tuukka/python_scripts/etuovi/all_listings.csv
Exists? True
Loaded latest listings from:  /home/tuukka/python_scripts/etuovi/latest_listings.csv
todays list has 54 listings
Old dataframe contains 155 listings
Startins 'get_soup' function
Saved combined listings to:  /home/tuukka/python_scripts/etuovi/all_listings.csv
Script completed at 2026-02-27 03:01:39.738628
/home/tuukka/python_scripts/etuovi/get_listings.py:456: FutureWarning: Setting an item of incompatible dtype is deprecated and will raise an error in a future version of pandas. Value '2008' has dtype incompatible with float64, please explicitly cast to a compatible dtype first.
  df_combined.at[idx, key] = value
/home/tuukka/python_scripts/etuovi/get_listings.py:456: FutureWarning: Setting an item of incompatible dtype is deprecated and will raise an error in a future version of pandas. Value '2008' has dtype incompatible with float64, please explicitly cast to a compatible dtype first.
  df_combined.at[idx, key] = value
Käyttäjä: tuukka
HOME: /home/tuukka
Starting 'get_urls' function
Ei spotlight-mainosta tällä sivulla.
https://www.etuovi.com/myytavat-asunnot/oulu/heinapaa?haku=M2284191086
Siirrytään sivulle..
Sivu ladattu!
Cookies-popup error
An error occurred: Message: 
Stacktrace:
RemoteError@chrome://remote/content/shared/RemoteError.sys.mjs:8:8
WebDriverError@chrome://remote/content/shared/webdriver/Errors.sys.mjs:199:5
NoSuchElementError@chrome://remote/content/shared/webdriver/Errors.sys.mjs:552:5
dom.find/</<@chrome://remote/content/shared/DOM.sys.mjs:136:16


Käsitellään sivu 1: https://www.etuovi.com/myytavat-asunnot/oulu/heinapaa?haku=M2284191086&sivu=1
Spotlight-mainos poistettu.
Löytyi 30 uutta linkkiä

Käsitellään sivu 2: https://www.etuovi.com/myytavat-asunnot/oulu/heinapaa?haku=M2284191086&sivu=2
Spotlight-mainos poistettu.
Löytyi 24 uutta linkkiä

Käsitellään sivu 3: https://www.etuovi.com/myytavat-asunnot/oulu/heinapaa?haku=M2284191086&sivu=3
Spotlight-mainos poistettu.
Löytyi 0 uutta linkkiä
Ei uusia linkkejä – lopetetaan.
Writing 54 rows to 'latest_listings.csv'
Save complete!
Execution time: 45.78 seconds
Looking for all_listings.csv at: /home/tuukka/python_scripts/etuovi/all_listings.csv
Exists? True
Loaded latest listings from:  /home/tuukka/python_scripts/etuovi/latest_listings.csv
todays list has 54 listings
Old dataframe contains 157 listings
Startins 'get_soup' function
Saved combined listings to:  /home/tuukka/python_scripts/etuovi/all_listings.csv
Script completed at 2026-02-28 03:01:33.399135
/home/tuukka/python_scripts/etuovi/get_listings.py:456: FutureWarning: Setting an item of incompatible dtype is deprecated and will raise an error in a future version of pandas. Value '2008' has dtype incompatible with float64, please explicitly cast to a compatible dtype first.
  df_combined.at[idx, key] = value
/home/tuukka/python_scripts/etuovi/get_listings.py:456: FutureWarning: Setting an item of incompatible dtype is deprecated and will raise an error in a future version of pandas. Value '2008' has dtype incompatible with float64, please explicitly cast to a compatible dtype first.
  df_combined.at[idx, key] = value
Käyttäjä: tuukka
HOME: /home/tuukka
Starting 'get_urls' function
Ei spotlight-mainosta tällä sivulla.
https://www.etuovi.com/myytavat-asunnot/oulu/heinapaa?haku=M2284191086
Siirrytään sivulle..
Sivu ladattu!
Cookies-popup error
An error occurred: Message: 
Stacktrace:
RemoteError@chrome://remote/content/shared/RemoteError.sys.mjs:8:8
WebDriverError@chrome://remote/content/shared/webdriver/Errors.sys.mjs:199:5
NoSuchElementError@chrome://remote/content/shared/webdriver/Errors.sys.mjs:552:5
dom.find/</<@chrome://remote/content/shared/DOM.sys.mjs:136:16


Käsitellään sivu 1: https://www.etuovi.com/myytavat-asunnot/oulu/heinapaa?haku=M2284191086&sivu=1
Spotlight-mainos poistettu.
Löytyi 30 uutta linkkiä

Käsitellään sivu 2: https://www.etuovi.com/myytavat-asunnot/oulu/heinapaa?haku=M2284191086&sivu=2
Spotlight-mainos poistettu.
Löytyi 23 uutta linkkiä

Käsitellään sivu 3: https://www.etuovi.com/myytavat-asunnot/oulu/heinapaa?haku=M2284191086&sivu=3
Spotlight-mainos poistettu.
Löytyi 0 uutta linkkiä
Ei uusia linkkejä – lopetetaan.
Writing 53 rows to 'latest_listings.csv'
Save complete!
Execution time: 38.19 seconds
Looking for all_listings.csv at: /home/tuukka/python_scripts/etuovi/all_listings.csv
Exists? True
Loaded latest listings from:  /home/tuukka/python_scripts/etuovi/latest_listings.csv
todays list has 53 listings
Old dataframe contains 157 listings
Startins 'get_soup' function
Saved combined listings to:  /home/tuukka/python_scripts/etuovi/all_listings.csv
Script completed at 2026-03-01 03:01:25.211689
/home/tuukka/python_scripts/etuovi/get_listings.py:456: FutureWarning: Setting an item of incompatible dtype is deprecated and will raise an error in a future version of pandas. Value '2008' has dtype incompatible with float64, please explicitly cast to a compatible dtype first.
  df_combined.at[idx, key] = value
/home/tuukka/python_scripts/etuovi/get_listings.py:456: FutureWarning: Setting an item of incompatible dtype is deprecated and will raise an error in a future version of pandas. Value '2008' has dtype incompatible with float64, please explicitly cast to a compatible dtype first.
  df_combined.at[idx, key] = value
Käyttäjä: tuukka
HOME: /home/tuukka
Starting 'get_urls' function
Ei spotlight-mainosta tällä sivulla.
https://www.etuovi.com/myytavat-asunnot/oulu/heinapaa?haku=M2284191086
Siirrytään sivulle..
Sivu ladattu!
Cookies-popup error
An error occurred: Message: 
Stacktrace:
RemoteError@chrome://remote/content/shared/RemoteError.sys.mjs:8:8
WebDriverError@chrome://remote/content/shared/webdriver/Errors.sys.mjs:199:5
NoSuchElementError@chrome://remote/content/shared/webdriver/Errors.sys.mjs:552:5
dom.find/</<@chrome://remote/content/shared/DOM.sys.mjs:136:16


Käsitellään sivu 1: https://www.etuovi.com/myytavat-asunnot/oulu/heinapaa?haku=M2284191086&sivu=1
Spotlight-mainos poistettu.
Löytyi 30 uutta linkkiä

Käsitellään sivu 2: https://www.etuovi.com/myytavat-asunnot/oulu/heinapaa?haku=M2284191086&sivu=2
Spotlight-mainos poistettu.
Löytyi 24 uutta linkkiä

Käsitellään sivu 3: https://www.etuovi.com/myytavat-asunnot/oulu/heinapaa?haku=M2284191086&sivu=3
Spotlight-mainos poistettu.
Löytyi 0 uutta linkkiä
Ei uusia linkkejä – lopetetaan.
Writing 54 rows to 'latest_listings.csv'
Save complete!
Execution time: 45.77 seconds
Looking for all_listings.csv at: /home/tuukka/python_scripts/etuovi/all_listings.csv
Exists? True
Loaded latest listings from:  /home/tuukka/python_scripts/etuovi/latest_listings.csv
todays list has 54 listings
Old dataframe contains 157 listings
Startins 'get_soup' function
Saved combined listings to:  /home/tuukka/python_scripts/etuovi/all_listings.csv
Script completed at 2026-03-02 03:01:34.812064
/home/tuukka/python_scripts/etuovi/get_listings.py:456: FutureWarning: Setting an item of incompatible dtype is deprecated and will raise an error in a future version of pandas. Value '2008' has dtype incompatible with float64, please explicitly cast to a compatible dtype first.
  df_combined.at[idx, key] = value
/home/tuukka/python_scripts/etuovi/get_listings.py:456: FutureWarning: Setting an item of incompatible dtype is deprecated and will raise an error in a future version of pandas. Value '2008' has dtype incompatible with float64, please explicitly cast to a compatible dtype first.
  df_combined.at[idx, key] = value
Käyttäjä: tuukka
HOME: /home/tuukka
Starting 'get_urls' function
Ei spotlight-mainosta tällä sivulla.
https://www.etuovi.com/myytavat-asunnot/oulu/heinapaa?haku=M2284191086
Siirrytään sivulle..
Sivu ladattu!
Cookies-popup error
An error occurred: Message: 
Stacktrace:
RemoteError@chrome://remote/content/shared/RemoteError.sys.mjs:8:8
WebDriverError@chrome://remote/content/shared/webdriver/Errors.sys.mjs:199:5
NoSuchElementError@chrome://remote/content/shared/webdriver/Errors.sys.mjs:552:5
dom.find/</<@chrome://remote/content/shared/DOM.sys.mjs:136:16


Käsitellään sivu 1: https://www.etuovi.com/myytavat-asunnot/oulu/heinapaa?haku=M2284191086&sivu=1
Spotlight-mainos poistettu.
Löytyi 30 uutta linkkiä

Käsitellään sivu 2: https://www.etuovi.com/myytavat-asunnot/oulu/heinapaa?haku=M2284191086&sivu=2
Spotlight-mainos poistettu.
Löytyi 24 uutta linkkiä

Käsitellään sivu 3: https://www.etuovi.com/myytavat-asunnot/oulu/heinapaa?haku=M2284191086&sivu=3
Spotlight-mainos poistettu.
Löytyi 0 uutta linkkiä
Ei uusia linkkejä – lopetetaan.
Writing 54 rows to 'latest_listings.csv'
Save complete!
Execution time: 47.81 seconds
Looking for all_listings.csv at: /home/tuukka/python_scripts/etuovi/all_listings.csv
Exists? True
Loaded latest listings from:  /home/tuukka/python_scripts/etuovi/latest_listings.csv
todays list has 54 listings
Old dataframe contains 158 listings
Startins 'get_soup' function
Saved combined listings to:  /home/tuukka/python_scripts/etuovi/all_listings.csv
Script completed at 2026-03-03 03:01:39.496721
/home/tuukka/python_scripts/etuovi/get_listings.py:456: FutureWarning: Setting an item of incompatible dtype is deprecated and will raise an error in a future version of pandas. Value '2008' has dtype incompatible with float64, please explicitly cast to a compatible dtype first.
  df_combined.at[idx, key] = value
/home/tuukka/python_scripts/etuovi/get_listings.py:456: FutureWarning: Setting an item of incompatible dtype is deprecated and will raise an error in a future version of pandas. Value '2008' has dtype incompatible with float64, please explicitly cast to a compatible dtype first.
  df_combined.at[idx, key] = value
Käyttäjä: tuukka
HOME: /home/tuukka
Starting 'get_urls' function
Ei spotlight-mainosta tällä sivulla.
https://www.etuovi.com/myytavat-asunnot/oulu/heinapaa?haku=M2284191086
Siirrytään sivulle..
Sivu ladattu!
Cookies-popup error
An error occurred: Message: 
Stacktrace:
RemoteError@chrome://remote/content/shared/RemoteError.sys.mjs:8:8
WebDriverError@chrome://remote/content/shared/webdriver/Errors.sys.mjs:199:5
NoSuchElementError@chrome://remote/content/shared/webdriver/Errors.sys.mjs:552:5
dom.find/</<@chrome://remote/content/shared/DOM.sys.mjs:136:16


Käsitellään sivu 1: https://www.etuovi.com/myytavat-asunnot/oulu/heinapaa?haku=M2284191086&sivu=1
Spotlight-mainos poistettu.
Löytyi 30 uutta linkkiä

Käsitellään sivu 2: https://www.etuovi.com/myytavat-asunnot/oulu/heinapaa?haku=M2284191086&sivu=2
Spotlight-mainos poistettu.
Löytyi 23 uutta linkkiä

Käsitellään sivu 3: https://www.etuovi.com/myytavat-asunnot/oulu/heinapaa?haku=M2284191086&sivu=3
Spotlight-mainos poistettu.
Löytyi 0 uutta linkkiä
Ei uusia linkkejä – lopetetaan.
Writing 53 rows to 'latest_listings.csv'
Save complete!
Execution time: 57.77 seconds
Looking for all_listings.csv at: /home/tuukka/python_scripts/etuovi/all_listings.csv
Exists? True
Loaded latest listings from:  /home/tuukka/python_scripts/etuovi/latest_listings.csv
todays list has 53 listings
Old dataframe contains 159 listings
Startins 'get_soup' function
Saved combined listings to:  /home/tuukka/python_scripts/etuovi/all_listings.csv
Script completed at 2026-03-04 03:01:45.100239
/home/tuukka/python_scripts/etuovi/get_listings.py:456: FutureWarning: Setting an item of incompatible dtype is deprecated and will raise an error in a future version of pandas. Value '2008' has dtype incompatible with float64, please explicitly cast to a compatible dtype first.
  df_combined.at[idx, key] = value
/home/tuukka/python_scripts/etuovi/get_listings.py:456: FutureWarning: Setting an item of incompatible dtype is deprecated and will raise an error in a future version of pandas. Value '2008' has dtype incompatible with float64, please explicitly cast to a compatible dtype first.
  df_combined.at[idx, key] = value
Käyttäjä: tuukka
HOME: /home/tuukka
Starting 'get_urls' function
Ei spotlight-mainosta tällä sivulla.
https://www.etuovi.com/myytavat-asunnot/oulu/heinapaa?haku=M2284191086
Siirrytään sivulle..
Sivu ladattu!
Cookies-popup error
An error occurred: Message: 
Stacktrace:
RemoteError@chrome://remote/content/shared/RemoteError.sys.mjs:8:8
WebDriverError@chrome://remote/content/shared/webdriver/Errors.sys.mjs:199:5
NoSuchElementError@chrome://remote/content/shared/webdriver/Errors.sys.mjs:552:5
dom.find/</<@chrome://remote/content/shared/DOM.sys.mjs:136:16


Käsitellään sivu 1: https://www.etuovi.com/myytavat-asunnot/oulu/heinapaa?haku=M2284191086&sivu=1
Spotlight-mainos poistettu.
Löytyi 30 uutta linkkiä

Käsitellään sivu 2: https://www.etuovi.com/myytavat-asunnot/oulu/heinapaa?haku=M2284191086&sivu=2
Spotlight-mainos poistettu.
Löytyi 26 uutta linkkiä

Käsitellään sivu 3: https://www.etuovi.com/myytavat-asunnot/oulu/heinapaa?haku=M2284191086&sivu=3
Spotlight-mainos poistettu.
Löytyi 0 uutta linkkiä
Ei uusia linkkejä – lopetetaan.
Writing 56 rows to 'latest_listings.csv'
Save complete!
Execution time: 44.67 seconds
Looking for all_listings.csv at: /home/tuukka/python_scripts/etuovi/all_listings.csv
Exists? True
Loaded latest listings from:  /home/tuukka/python_scripts/etuovi/latest_listings.csv
todays list has 56 listings
Old dataframe contains 159 listings
Startins 'get_soup' function
Saved combined listings to:  /home/tuukka/python_scripts/etuovi/all_listings.csv
Script completed at 2026-03-05 03:01:39.135807
/home/tuukka/python_scripts/etuovi/get_listings.py:456: FutureWarning: Setting an item of incompatible dtype is deprecated and will raise an error in a future version of pandas. Value '2008' has dtype incompatible with float64, please explicitly cast to a compatible dtype first.
  df_combined.at[idx, key] = value
/home/tuukka/python_scripts/etuovi/get_listings.py:456: FutureWarning: Setting an item of incompatible dtype is deprecated and will raise an error in a future version of pandas. Value '2008' has dtype incompatible with float64, please explicitly cast to a compatible dtype first.
  df_combined.at[idx, key] = value
Käyttäjä: tuukka
HOME: /home/tuukka
Starting 'get_urls' function
Ei spotlight-mainosta tällä sivulla.
https://www.etuovi.com/myytavat-asunnot/oulu/heinapaa?haku=M2284191086
Siirrytään sivulle..
Sivu ladattu!
Cookies-popup error
An error occurred: Message: 
Stacktrace:
RemoteError@chrome://remote/content/shared/RemoteError.sys.mjs:8:8
WebDriverError@chrome://remote/content/shared/webdriver/Errors.sys.mjs:199:5
NoSuchElementError@chrome://remote/content/shared/webdriver/Errors.sys.mjs:552:5
dom.find/</<@chrome://remote/content/shared/DOM.sys.mjs:136:16


Käsitellään sivu 1: https://www.etuovi.com/myytavat-asunnot/oulu/heinapaa?haku=M2284191086&sivu=1
Spotlight-mainos poistettu.
Löytyi 30 uutta linkkiä

Käsitellään sivu 2: https://www.etuovi.com/myytavat-asunnot/oulu/heinapaa?haku=M2284191086&sivu=2
Spotlight-mainos poistettu.
Löytyi 26 uutta linkkiä

Käsitellään sivu 3: https://www.etuovi.com/myytavat-asunnot/oulu/heinapaa?haku=M2284191086&sivu=3
Spotlight-mainos poistettu.
Löytyi 0 uutta linkkiä
Ei uusia linkkejä – lopetetaan.
Writing 56 rows to 'latest_listings.csv'
Save complete!
Execution time: 38.85 seconds
Looking for all_listings.csv at: /home/tuukka/python_scripts/etuovi/all_listings.csv
Exists? True
Loaded latest listings from:  /home/tuukka/python_scripts/etuovi/latest_listings.csv
todays list has 56 listings
Old dataframe contains 161 listings
Startins 'get_soup' function
Saved combined listings to:  /home/tuukka/python_scripts/etuovi/all_listings.csv
Script completed at 2026-03-06 03:01:27.038553
/home/tuukka/python_scripts/etuovi/get_listings.py:456: FutureWarning: Setting an item of incompatible dtype is deprecated and will raise an error in a future version of pandas. Value '2008' has dtype incompatible with float64, please explicitly cast to a compatible dtype first.
  df_combined.at[idx, key] = value
/home/tuukka/python_scripts/etuovi/get_listings.py:456: FutureWarning: Setting an item of incompatible dtype is deprecated and will raise an error in a future version of pandas. Value '2008' has dtype incompatible with float64, please explicitly cast to a compatible dtype first.
  df_combined.at[idx, key] = value
Käyttäjä: tuukka
HOME: /home/tuukka
Starting 'get_urls' function
Ei spotlight-mainosta tällä sivulla.
https://www.etuovi.com/myytavat-asunnot/oulu/heinapaa?haku=M2284191086
Siirrytään sivulle..
Sivu ladattu!
Cookies-popup error
An error occurred: Message: 
Stacktrace:
RemoteError@chrome://remote/content/shared/RemoteError.sys.mjs:8:8
WebDriverError@chrome://remote/content/shared/webdriver/Errors.sys.mjs:199:5
NoSuchElementError@chrome://remote/content/shared/webdriver/Errors.sys.mjs:552:5
dom.find/</<@chrome://remote/content/shared/DOM.sys.mjs:136:16


Käsitellään sivu 1: https://www.etuovi.com/myytavat-asunnot/oulu/heinapaa?haku=M2284191086&sivu=1
Spotlight-mainos poistettu.
Löytyi 30 uutta linkkiä

Käsitellään sivu 2: https://www.etuovi.com/myytavat-asunnot/oulu/heinapaa?haku=M2284191086&sivu=2
Spotlight-mainos poistettu.
Löytyi 26 uutta linkkiä

Käsitellään sivu 3: https://www.etuovi.com/myytavat-asunnot/oulu/heinapaa?haku=M2284191086&sivu=3
Spotlight-mainos poistettu.
Löytyi 0 uutta linkkiä
Ei uusia linkkejä – lopetetaan.
Writing 56 rows to 'latest_listings.csv'
Save complete!
Execution time: 48.08 seconds
Looking for all_listings.csv at: /home/tuukka/python_scripts/etuovi/all_listings.csv
Exists? True
Loaded latest listings from:  /home/tuukka/python_scripts/etuovi/latest_listings.csv
todays list has 56 listings
Old dataframe contains 161 listings
Startins 'get_soup' function
Saved combined listings to:  /home/tuukka/python_scripts/etuovi/all_listings.csv
Script completed at 2026-03-07 03:01:36.343934
/home/tuukka/python_scripts/etuovi/get_listings.py:456: FutureWarning: Setting an item of incompatible dtype is deprecated and will raise an error in a future version of pandas. Value '2008' has dtype incompatible with float64, please explicitly cast to a compatible dtype first.
  df_combined.at[idx, key] = value
/home/tuukka/python_scripts/etuovi/get_listings.py:456: FutureWarning: Setting an item of incompatible dtype is deprecated and will raise an error in a future version of pandas. Value '2008' has dtype incompatible with float64, please explicitly cast to a compatible dtype first.
  df_combined.at[idx, key] = value
Käyttäjä: tuukka
HOME: /home/tuukka
Starting 'get_urls' function
Ei spotlight-mainosta tällä sivulla.
https://www.etuovi.com/myytavat-asunnot/oulu/heinapaa?haku=M2284191086
Siirrytään sivulle..
Sivu ladattu!
Cookies-popup error
An error occurred: Message: 
Stacktrace:
RemoteError@chrome://remote/content/shared/RemoteError.sys.mjs:8:8
WebDriverError@chrome://remote/content/shared/webdriver/Errors.sys.mjs:199:5
NoSuchElementError@chrome://remote/content/shared/webdriver/Errors.sys.mjs:552:5
dom.find/</<@chrome://remote/content/shared/DOM.sys.mjs:136:16


Käsitellään sivu 1: https://www.etuovi.com/myytavat-asunnot/oulu/heinapaa?haku=M2284191086&sivu=1
Spotlight-mainos poistettu.
Löytyi 30 uutta linkkiä

Käsitellään sivu 2: https://www.etuovi.com/myytavat-asunnot/oulu/heinapaa?haku=M2284191086&sivu=2
Spotlight-mainos poistettu.
Löytyi 26 uutta linkkiä

Käsitellään sivu 3: https://www.etuovi.com/myytavat-asunnot/oulu/heinapaa?haku=M2284191086&sivu=3
Spotlight-mainos poistettu.
Löytyi 0 uutta linkkiä
Ei uusia linkkejä – lopetetaan.
Writing 56 rows to 'latest_listings.csv'
Save complete!
Execution time: 40.41 seconds
Looking for all_listings.csv at: /home/tuukka/python_scripts/etuovi/all_listings.csv
Exists? True
Loaded latest listings from:  /home/tuukka/python_scripts/etuovi/latest_listings.csv
todays list has 56 listings
Old dataframe contains 161 listings
Startins 'get_soup' function
Saved combined listings to:  /home/tuukka/python_scripts/etuovi/all_listings.csv
Script completed at 2026-03-08 03:01:27.833592
/home/tuukka/python_scripts/etuovi/get_listings.py:456: FutureWarning: Setting an item of incompatible dtype is deprecated and will raise an error in a future version of pandas. Value '2008' has dtype incompatible with float64, please explicitly cast to a compatible dtype first.
  df_combined.at[idx, key] = value
/home/tuukka/python_scripts/etuovi/get_listings.py:456: FutureWarning: Setting an item of incompatible dtype is deprecated and will raise an error in a future version of pandas. Value '2008' has dtype incompatible with float64, please explicitly cast to a compatible dtype first.
  df_combined.at[idx, key] = value
Käyttäjä: tuukka
HOME: /home/tuukka
Starting 'get_urls' function
Ei spotlight-mainosta tällä sivulla.
https://www.etuovi.com/myytavat-asunnot/oulu/heinapaa?haku=M2284191086
Siirrytään sivulle..
Sivu ladattu!
Cookies-popup error
An error occurred: Message: 
Stacktrace:
RemoteError@chrome://remote/content/shared/RemoteError.sys.mjs:8:8
WebDriverError@chrome://remote/content/shared/webdriver/Errors.sys.mjs:199:5
NoSuchElementError@chrome://remote/content/shared/webdriver/Errors.sys.mjs:552:5
dom.find/</<@chrome://remote/content/shared/DOM.sys.mjs:136:16


Käsitellään sivu 1: https://www.etuovi.com/myytavat-asunnot/oulu/heinapaa?haku=M2284191086&sivu=1
Spotlight-mainos poistettu.
Löytyi 30 uutta linkkiä

Käsitellään sivu 2: https://www.etuovi.com/myytavat-asunnot/oulu/heinapaa?haku=M2284191086&sivu=2
Spotlight-mainos poistettu.
Löytyi 26 uutta linkkiä

Käsitellään sivu 3: https://www.etuovi.com/myytavat-asunnot/oulu/heinapaa?haku=M2284191086&sivu=3
Spotlight-mainos poistettu.
Löytyi 0 uutta linkkiä
Ei uusia linkkejä – lopetetaan.
Writing 56 rows to 'latest_listings.csv'
Save complete!
Execution time: 38.56 seconds
Looking for all_listings.csv at: /home/tuukka/python_scripts/etuovi/all_listings.csv
Exists? True
Loaded latest listings from:  /home/tuukka/python_scripts/etuovi/latest_listings.csv
todays list has 56 listings
Old dataframe contains 161 listings
Startins 'get_soup' function
Saved combined listings to:  /home/tuukka/python_scripts/etuovi/all_listings.csv
Script completed at 2026-03-09 03:01:25.778450
/home/tuukka/python_scripts/etuovi/get_listings.py:456: FutureWarning: Setting an item of incompatible dtype is deprecated and will raise an error in a future version of pandas. Value '2008' has dtype incompatible with float64, please explicitly cast to a compatible dtype first.
  df_combined.at[idx, key] = value
/home/tuukka/python_scripts/etuovi/get_listings.py:456: FutureWarning: Setting an item of incompatible dtype is deprecated and will raise an error in a future version of pandas. Value '2008' has dtype incompatible with float64, please explicitly cast to a compatible dtype first.
  df_combined.at[idx, key] = value
Käyttäjä: tuukka
HOME: /home/tuukka
Starting 'get_urls' function
Ei spotlight-mainosta tällä sivulla.
https://www.etuovi.com/myytavat-asunnot/oulu/heinapaa?haku=M2284191086
Siirrytään sivulle..
Sivu ladattu!
Cookies-popup error
An error occurred: Message: 
Stacktrace:
RemoteError@chrome://remote/content/shared/RemoteError.sys.mjs:8:8
WebDriverError@chrome://remote/content/shared/webdriver/Errors.sys.mjs:199:5
NoSuchElementError@chrome://remote/content/shared/webdriver/Errors.sys.mjs:552:5
dom.find/</<@chrome://remote/content/shared/DOM.sys.mjs:136:16


Käsitellään sivu 1: https://www.etuovi.com/myytavat-asunnot/oulu/heinapaa?haku=M2284191086&sivu=1
Spotlight-mainos poistettu.
Löytyi 30 uutta linkkiä

Käsitellään sivu 2: https://www.etuovi.com/myytavat-asunnot/oulu/heinapaa?haku=M2284191086&sivu=2
Spotlight-mainos poistettu.
Löytyi 28 uutta linkkiä

Käsitellään sivu 3: https://www.etuovi.com/myytavat-asunnot/oulu/heinapaa?haku=M2284191086&sivu=3
Spotlight-mainos poistettu.
Löytyi 0 uutta linkkiä
Ei uusia linkkejä – lopetetaan.
Writing 58 rows to 'latest_listings.csv'
Save complete!
Execution time: 45.45 seconds
Looking for all_listings.csv at: /home/tuukka/python_scripts/etuovi/all_listings.csv
Exists? True
Loaded latest listings from:  /home/tuukka/python_scripts/etuovi/latest_listings.csv
todays list has 58 listings
Old dataframe contains 161 listings
Startins 'get_soup' function
Saved combined listings to:  /home/tuukka/python_scripts/etuovi/all_listings.csv
Script completed at 2026-03-10 03:01:41.067448
/home/tuukka/python_scripts/etuovi/get_listings.py:456: FutureWarning: Setting an item of incompatible dtype is deprecated and will raise an error in a future version of pandas. Value '2008' has dtype incompatible with float64, please explicitly cast to a compatible dtype first.
  df_combined.at[idx, key] = value
/home/tuukka/python_scripts/etuovi/get_listings.py:456: FutureWarning: Setting an item of incompatible dtype is deprecated and will raise an error in a future version of pandas. Value '2008' has dtype incompatible with float64, please explicitly cast to a compatible dtype first.
  df_combined.at[idx, key] = value
Käyttäjä: tuukka
HOME: /home/tuukka
Starting 'get_urls' function
Ei spotlight-mainosta tällä sivulla.
https://www.etuovi.com/myytavat-asunnot/oulu/heinapaa?haku=M2284191086
Siirrytään sivulle..
Sivu ladattu!
Cookies-popup error
An error occurred: Message: 
Stacktrace:
RemoteError@chrome://remote/content/shared/RemoteError.sys.mjs:8:8
WebDriverError@chrome://remote/content/shared/webdriver/Errors.sys.mjs:199:5
NoSuchElementError@chrome://remote/content/shared/webdriver/Errors.sys.mjs:552:5
dom.find/</<@chrome://remote/content/shared/DOM.sys.mjs:136:16


Käsitellään sivu 1: https://www.etuovi.com/myytavat-asunnot/oulu/heinapaa?haku=M2284191086&sivu=1
Spotlight-mainos poistettu.
Löytyi 30 uutta linkkiä

Käsitellään sivu 2: https://www.etuovi.com/myytavat-asunnot/oulu/heinapaa?haku=M2284191086&sivu=2
Spotlight-mainos poistettu.
Löytyi 28 uutta linkkiä

Käsitellään sivu 3: https://www.etuovi.com/myytavat-asunnot/oulu/heinapaa?haku=M2284191086&sivu=3
Spotlight-mainos poistettu.
Löytyi 0 uutta linkkiä
Ei uusia linkkejä – lopetetaan.
Writing 58 rows to 'latest_listings.csv'
Save complete!
Execution time: 45.39 seconds
Looking for all_listings.csv at: /home/tuukka/python_scripts/etuovi/all_listings.csv
Exists? True
Loaded latest listings from:  /home/tuukka/python_scripts/etuovi/latest_listings.csv
todays list has 58 listings
Old dataframe contains 163 listings
Startins 'get_soup' function
Saved combined listings to:  /home/tuukka/python_scripts/etuovi/all_listings.csv
Script completed at 2026-03-11 03:01:38.649876
/home/tuukka/python_scripts/etuovi/get_listings.py:456: FutureWarning: Setting an item of incompatible dtype is deprecated and will raise an error in a future version of pandas. Value '2008' has dtype incompatible with float64, please explicitly cast to a compatible dtype first.
  df_combined.at[idx, key] = value
/home/tuukka/python_scripts/etuovi/get_listings.py:456: FutureWarning: Setting an item of incompatible dtype is deprecated and will raise an error in a future version of pandas. Value '2008' has dtype incompatible with float64, please explicitly cast to a compatible dtype first.
  df_combined.at[idx, key] = value
Käyttäjä: tuukka
HOME: /home/tuukka
Starting 'get_urls' function
Ei spotlight-mainosta tällä sivulla.
https://www.etuovi.com/myytavat-asunnot/oulu/heinapaa?haku=M2284191086
Siirrytään sivulle..
Sivu ladattu!
Cookies-popup error
An error occurred: Message: 
Stacktrace:
RemoteError@chrome://remote/content/shared/RemoteError.sys.mjs:8:8
WebDriverError@chrome://remote/content/shared/webdriver/Errors.sys.mjs:199:5
NoSuchElementError@chrome://remote/content/shared/webdriver/Errors.sys.mjs:552:5
dom.find/</<@chrome://remote/content/shared/DOM.sys.mjs:136:16


Käsitellään sivu 1: https://www.etuovi.com/myytavat-asunnot/oulu/heinapaa?haku=M2284191086&sivu=1
Spotlight-mainos poistettu.
Löytyi 30 uutta linkkiä

Käsitellään sivu 2: https://www.etuovi.com/myytavat-asunnot/oulu/heinapaa?haku=M2284191086&sivu=2
Spotlight-mainos poistettu.
Löytyi 27 uutta linkkiä

Käsitellään sivu 3: https://www.etuovi.com/myytavat-asunnot/oulu/heinapaa?haku=M2284191086&sivu=3
Spotlight-mainos poistettu.
Löytyi 0 uutta linkkiä
Ei uusia linkkejä – lopetetaan.
Writing 57 rows to 'latest_listings.csv'
Save complete!
Execution time: 41.89 seconds
Looking for all_listings.csv at: /home/tuukka/python_scripts/etuovi/all_listings.csv
Exists? True
Loaded latest listings from:  /home/tuukka/python_scripts/etuovi/latest_listings.csv
todays list has 57 listings
Old dataframe contains 164 listings
Startins 'get_soup' function
Saved combined listings to:  /home/tuukka/python_scripts/etuovi/all_listings.csv
Script completed at 2026-03-12 03:01:31.154450
/home/tuukka/python_scripts/etuovi/get_listings.py:456: FutureWarning: Setting an item of incompatible dtype is deprecated and will raise an error in a future version of pandas. Value '2008' has dtype incompatible with float64, please explicitly cast to a compatible dtype first.
  df_combined.at[idx, key] = value
/home/tuukka/python_scripts/etuovi/get_listings.py:456: FutureWarning: Setting an item of incompatible dtype is deprecated and will raise an error in a future version of pandas. Value '2008' has dtype incompatible with float64, please explicitly cast to a compatible dtype first.
  df_combined.at[idx, key] = value
Käyttäjä: tuukka
HOME: /home/tuukka
Starting 'get_urls' function
Ei spotlight-mainosta tällä sivulla.
https://www.etuovi.com/myytavat-asunnot/oulu/heinapaa?haku=M2284191086
Siirrytään sivulle..
Sivu ladattu!
Cookies-popup error
An error occurred: Message: 
Stacktrace:
RemoteError@chrome://remote/content/shared/RemoteError.sys.mjs:8:8
WebDriverError@chrome://remote/content/shared/webdriver/Errors.sys.mjs:199:5
NoSuchElementError@chrome://remote/content/shared/webdriver/Errors.sys.mjs:552:5
dom.find/</<@chrome://remote/content/shared/DOM.sys.mjs:136:16


Käsitellään sivu 1: https://www.etuovi.com/myytavat-asunnot/oulu/heinapaa?haku=M2284191086&sivu=1
Spotlight-mainos poistettu.
Löytyi 30 uutta linkkiä

Käsitellään sivu 2: https://www.etuovi.com/myytavat-asunnot/oulu/heinapaa?haku=M2284191086&sivu=2
Spotlight-mainos poistettu.
Löytyi 27 uutta linkkiä

Käsitellään sivu 3: https://www.etuovi.com/myytavat-asunnot/oulu/heinapaa?haku=M2284191086&sivu=3
Spotlight-mainos poistettu.
Löytyi 0 uutta linkkiä
Ei uusia linkkejä – lopetetaan.
Writing 57 rows to 'latest_listings.csv'
Save complete!
Execution time: 48.38 seconds
Looking for all_listings.csv at: /home/tuukka/python_scripts/etuovi/all_listings.csv
Exists? True
Loaded latest listings from:  /home/tuukka/python_scripts/etuovi/latest_listings.csv
todays list has 57 listings
Old dataframe contains 164 listings
Startins 'get_soup' function
Saved combined listings to:  /home/tuukka/python_scripts/etuovi/all_listings.csv
Script completed at 2026-03-13 03:01:36.896173
/home/tuukka/python_scripts/etuovi/get_listings.py:456: FutureWarning: Setting an item of incompatible dtype is deprecated and will raise an error in a future version of pandas. Value '2008' has dtype incompatible with float64, please explicitly cast to a compatible dtype first.
  df_combined.at[idx, key] = value
/home/tuukka/python_scripts/etuovi/get_listings.py:456: FutureWarning: Setting an item of incompatible dtype is deprecated and will raise an error in a future version of pandas. Value '2008' has dtype incompatible with float64, please explicitly cast to a compatible dtype first.
  df_combined.at[idx, key] = value
Käyttäjä: tuukka
HOME: /home/tuukka
Starting 'get_urls' function
Ei spotlight-mainosta tällä sivulla.
https://www.etuovi.com/myytavat-asunnot/oulu/heinapaa?haku=M2284191086
Siirrytään sivulle..
Sivu ladattu!
Cookies-popup error
An error occurred: Message: 
Stacktrace:
RemoteError@chrome://remote/content/shared/RemoteError.sys.mjs:8:8
WebDriverError@chrome://remote/content/shared/webdriver/Errors.sys.mjs:199:5
NoSuchElementError@chrome://remote/content/shared/webdriver/Errors.sys.mjs:552:5
dom.find/</<@chrome://remote/content/shared/DOM.sys.mjs:136:16


Käsitellään sivu 1: https://www.etuovi.com/myytavat-asunnot/oulu/heinapaa?haku=M2284191086&sivu=1
Spotlight-mainos poistettu.
Löytyi 30 uutta linkkiä

Käsitellään sivu 2: https://www.etuovi.com/myytavat-asunnot/oulu/heinapaa?haku=M2284191086&sivu=2
Spotlight-mainos poistettu.
Löytyi 27 uutta linkkiä

Käsitellään sivu 3: https://www.etuovi.com/myytavat-asunnot/oulu/heinapaa?haku=M2284191086&sivu=3
Spotlight-mainos poistettu.
Löytyi 0 uutta linkkiä
Ei uusia linkkejä – lopetetaan.
Writing 57 rows to 'latest_listings.csv'
Save complete!
Execution time: 43.65 seconds
Looking for all_listings.csv at: /home/tuukka/python_scripts/etuovi/all_listings.csv
Exists? True
Loaded latest listings from:  /home/tuukka/python_scripts/etuovi/latest_listings.csv
todays list has 57 listings
Old dataframe contains 164 listings
Startins 'get_soup' function
Saved combined listings to:  /home/tuukka/python_scripts/etuovi/all_listings.csv
Script completed at 2026-03-14 03:01:32.799698
/home/tuukka/python_scripts/etuovi/get_listings.py:456: FutureWarning: Setting an item of incompatible dtype is deprecated and will raise an error in a future version of pandas. Value '2008' has dtype incompatible with float64, please explicitly cast to a compatible dtype first.
  df_combined.at[idx, key] = value
/home/tuukka/python_scripts/etuovi/get_listings.py:456: FutureWarning: Setting an item of incompatible dtype is deprecated and will raise an error in a future version of pandas. Value '2008' has dtype incompatible with float64, please explicitly cast to a compatible dtype first.
  df_combined.at[idx, key] = value
Käyttäjä: tuukka
HOME: /home/tuukka
Starting 'get_urls' function
Ei spotlight-mainosta tällä sivulla.
https://www.etuovi.com/myytavat-asunnot/oulu/heinapaa?haku=M2284191086
Siirrytään sivulle..
Sivu ladattu!
Cookies-popup error
An error occurred: Message: 
Stacktrace:
RemoteError@chrome://remote/content/shared/RemoteError.sys.mjs:8:8
WebDriverError@chrome://remote/content/shared/webdriver/Errors.sys.mjs:199:5
NoSuchElementError@chrome://remote/content/shared/webdriver/Errors.sys.mjs:552:5
dom.find/</<@chrome://remote/content/shared/DOM.sys.mjs:136:16


Käsitellään sivu 1: https://www.etuovi.com/myytavat-asunnot/oulu/heinapaa?haku=M2284191086&sivu=1
Spotlight-mainos poistettu.
Löytyi 30 uutta linkkiä

Käsitellään sivu 2: https://www.etuovi.com/myytavat-asunnot/oulu/heinapaa?haku=M2284191086&sivu=2
Spotlight-mainos poistettu.
Löytyi 27 uutta linkkiä

Käsitellään sivu 3: https://www.etuovi.com/myytavat-asunnot/oulu/heinapaa?haku=M2284191086&sivu=3
Spotlight-mainos poistettu.
Löytyi 0 uutta linkkiä
Ei uusia linkkejä – lopetetaan.
Writing 57 rows to 'latest_listings.csv'
Save complete!
Execution time: 44.96 seconds
Looking for all_listings.csv at: /home/tuukka/python_scripts/etuovi/all_listings.csv
Exists? True
Loaded latest listings from:  /home/tuukka/python_scripts/etuovi/latest_listings.csv
todays list has 57 listings
Old dataframe contains 164 listings
Startins 'get_soup' function
Saved combined listings to:  /home/tuukka/python_scripts/etuovi/all_listings.csv
Script completed at 2026-03-15 03:01:39.347743
/home/tuukka/python_scripts/etuovi/get_listings.py:456: FutureWarning: Setting an item of incompatible dtype is deprecated and will raise an error in a future version of pandas. Value '2008' has dtype incompatible with float64, please explicitly cast to a compatible dtype first.
  df_combined.at[idx, key] = value
/home/tuukka/python_scripts/etuovi/get_listings.py:456: FutureWarning: Setting an item of incompatible dtype is deprecated and will raise an error in a future version of pandas. Value '2008' has dtype incompatible with float64, please explicitly cast to a compatible dtype first.
  df_combined.at[idx, key] = value
Käyttäjä: tuukka
HOME: /home/tuukka
Starting 'get_urls' function
Ei spotlight-mainosta tällä sivulla.
https://www.etuovi.com/myytavat-asunnot/oulu/heinapaa?haku=M2284191086
Siirrytään sivulle..
Sivu ladattu!
Cookies-popup error
An error occurred: Message: 
Stacktrace:
RemoteError@chrome://remote/content/shared/RemoteError.sys.mjs:8:8
WebDriverError@chrome://remote/content/shared/webdriver/Errors.sys.mjs:199:5
NoSuchElementError@chrome://remote/content/shared/webdriver/Errors.sys.mjs:552:5
dom.find/</<@chrome://remote/content/shared/DOM.sys.mjs:136:16


Käsitellään sivu 1: https://www.etuovi.com/myytavat-asunnot/oulu/heinapaa?haku=M2284191086&sivu=1
Spotlight-mainos poistettu.
Löytyi 30 uutta linkkiä

Käsitellään sivu 2: https://www.etuovi.com/myytavat-asunnot/oulu/heinapaa?haku=M2284191086&sivu=2
Spotlight-mainos poistettu.
Löytyi 27 uutta linkkiä

Käsitellään sivu 3: https://www.etuovi.com/myytavat-asunnot/oulu/heinapaa?haku=M2284191086&sivu=3
Spotlight-mainos poistettu.
Löytyi 0 uutta linkkiä
Ei uusia linkkejä – lopetetaan.
Writing 57 rows to 'latest_listings.csv'
Save complete!
Execution time: 48.90 seconds
Looking for all_listings.csv at: /home/tuukka/python_scripts/etuovi/all_listings.csv
Exists? True
Loaded latest listings from:  /home/tuukka/python_scripts/etuovi/latest_listings.csv
todays list has 57 listings
Old dataframe contains 165 listings
Startins 'get_soup' function
Saved combined listings to:  /home/tuukka/python_scripts/etuovi/all_listings.csv
Script completed at 2026-03-16 03:01:38.542525
/home/tuukka/python_scripts/etuovi/get_listings.py:456: FutureWarning: Setting an item of incompatible dtype is deprecated and will raise an error in a future version of pandas. Value '2008' has dtype incompatible with float64, please explicitly cast to a compatible dtype first.
  df_combined.at[idx, key] = value
/home/tuukka/python_scripts/etuovi/get_listings.py:456: FutureWarning: Setting an item of incompatible dtype is deprecated and will raise an error in a future version of pandas. Value '2008' has dtype incompatible with float64, please explicitly cast to a compatible dtype first.
  df_combined.at[idx, key] = value
Käyttäjä: tuukka
HOME: /home/tuukka
Starting 'get_urls' function
Ei spotlight-mainosta tällä sivulla.
https://www.etuovi.com/myytavat-asunnot/oulu/heinapaa?haku=M2284191086
Siirrytään sivulle..
Sivu ladattu!
Cookies-popup error
An error occurred: Message: 
Stacktrace:
RemoteError@chrome://remote/content/shared/RemoteError.sys.mjs:8:8
WebDriverError@chrome://remote/content/shared/webdriver/Errors.sys.mjs:199:5
NoSuchElementError@chrome://remote/content/shared/webdriver/Errors.sys.mjs:552:5
dom.find/</<@chrome://remote/content/shared/DOM.sys.mjs:136:16


Käsitellään sivu 1: https://www.etuovi.com/myytavat-asunnot/oulu/heinapaa?haku=M2284191086&sivu=1
Spotlight-mainos poistettu.
Löytyi 30 uutta linkkiä

Käsitellään sivu 2: https://www.etuovi.com/myytavat-asunnot/oulu/heinapaa?haku=M2284191086&sivu=2
Spotlight-mainos poistettu.
Löytyi 27 uutta linkkiä

Käsitellään sivu 3: https://www.etuovi.com/myytavat-asunnot/oulu/heinapaa?haku=M2284191086&sivu=3
Spotlight-mainos poistettu.
Löytyi 0 uutta linkkiä
Ei uusia linkkejä – lopetetaan.
Writing 57 rows to 'latest_listings.csv'
Save complete!
Execution time: 46.32 seconds
Looking for all_listings.csv at: /home/tuukka/python_scripts/etuovi/all_listings.csv
Exists? True
Loaded latest listings from:  /home/tuukka/python_scripts/etuovi/latest_listings.csv
todays list has 57 listings
Old dataframe contains 165 listings
Startins 'get_soup' function
Saved combined listings to:  /home/tuukka/python_scripts/etuovi/all_listings.csv
Script completed at 2026-03-17 03:01:36.030332
/home/tuukka/python_scripts/etuovi/get_listings.py:456: FutureWarning: Setting an item of incompatible dtype is deprecated and will raise an error in a future version of pandas. Value '2008' has dtype incompatible with float64, please explicitly cast to a compatible dtype first.
  df_combined.at[idx, key] = value
/home/tuukka/python_scripts/etuovi/get_listings.py:456: FutureWarning: Setting an item of incompatible dtype is deprecated and will raise an error in a future version of pandas. Value '2008' has dtype incompatible with float64, please explicitly cast to a compatible dtype first.
  df_combined.at[idx, key] = value
Käyttäjä: tuukka
HOME: /home/tuukka
Starting 'get_urls' function
Ei spotlight-mainosta tällä sivulla.
https://www.etuovi.com/myytavat-asunnot/oulu/heinapaa?haku=M2284191086
Siirrytään sivulle..
Sivu ladattu!
Cookies-popup error
An error occurred: Message: 
Stacktrace:
RemoteError@chrome://remote/content/shared/RemoteError.sys.mjs:8:8
WebDriverError@chrome://remote/content/shared/webdriver/Errors.sys.mjs:199:5
NoSuchElementError@chrome://remote/content/shared/webdriver/Errors.sys.mjs:552:5
dom.find/</<@chrome://remote/content/shared/DOM.sys.mjs:136:16


Käsitellään sivu 1: https://www.etuovi.com/myytavat-asunnot/oulu/heinapaa?haku=M2284191086&sivu=1
Spotlight-mainos poistettu.
Löytyi 30 uutta linkkiä

Käsitellään sivu 2: https://www.etuovi.com/myytavat-asunnot/oulu/heinapaa?haku=M2284191086&sivu=2
Spotlight-mainos poistettu.
Löytyi 28 uutta linkkiä

Käsitellään sivu 3: https://www.etuovi.com/myytavat-asunnot/oulu/heinapaa?haku=M2284191086&sivu=3
Spotlight-mainos poistettu.
Löytyi 0 uutta linkkiä
Ei uusia linkkejä – lopetetaan.
Writing 58 rows to 'latest_listings.csv'
Save complete!
Execution time: 43.61 seconds
Looking for all_listings.csv at: /home/tuukka/python_scripts/etuovi/all_listings.csv
Exists? True
Loaded latest listings from:  /home/tuukka/python_scripts/etuovi/latest_listings.csv
todays list has 58 listings
Old dataframe contains 165 listings
Startins 'get_soup' function
Saved combined listings to:  /home/tuukka/python_scripts/etuovi/all_listings.csv
Script completed at 2026-03-18 03:01:37.567333
/home/tuukka/python_scripts/etuovi/get_listings.py:456: FutureWarning: Setting an item of incompatible dtype is deprecated and will raise an error in a future version of pandas. Value '2008' has dtype incompatible with float64, please explicitly cast to a compatible dtype first.
  df_combined.at[idx, key] = value
/home/tuukka/python_scripts/etuovi/get_listings.py:456: FutureWarning: Setting an item of incompatible dtype is deprecated and will raise an error in a future version of pandas. Value '2008' has dtype incompatible with float64, please explicitly cast to a compatible dtype first.
  df_combined.at[idx, key] = value
Käyttäjä: tuukka
HOME: /home/tuukka
Starting 'get_urls' function
Ei spotlight-mainosta tällä sivulla.
https://www.etuovi.com/myytavat-asunnot/oulu/heinapaa?haku=M2284191086
Siirrytään sivulle..
Sivu ladattu!
Cookies-popup error
An error occurred: Message: 
Stacktrace:
RemoteError@chrome://remote/content/shared/RemoteError.sys.mjs:8:8
WebDriverError@chrome://remote/content/shared/webdriver/Errors.sys.mjs:199:5
NoSuchElementError@chrome://remote/content/shared/webdriver/Errors.sys.mjs:552:5
dom.find/</<@chrome://remote/content/shared/DOM.sys.mjs:136:16


Käsitellään sivu 1: https://www.etuovi.com/myytavat-asunnot/oulu/heinapaa?haku=M2284191086&sivu=1
Spotlight-mainos poistettu.
Löytyi 30 uutta linkkiä

Käsitellään sivu 2: https://www.etuovi.com/myytavat-asunnot/oulu/heinapaa?haku=M2284191086&sivu=2
Spotlight-mainos poistettu.
Löytyi 27 uutta linkkiä

Käsitellään sivu 3: https://www.etuovi.com/myytavat-asunnot/oulu/heinapaa?haku=M2284191086&sivu=3
Spotlight-mainos poistettu.
Löytyi 0 uutta linkkiä
Ei uusia linkkejä – lopetetaan.
Writing 57 rows to 'latest_listings.csv'
Save complete!
Execution time: 43.94 seconds
Looking for all_listings.csv at: /home/tuukka/python_scripts/etuovi/all_listings.csv
Exists? True
Loaded latest listings from:  /home/tuukka/python_scripts/etuovi/latest_listings.csv
todays list has 57 listings
Old dataframe contains 166 listings
Startins 'get_soup' function
Saved combined listings to:  /home/tuukka/python_scripts/etuovi/all_listings.csv
Script completed at 2026-03-19 03:01:33.557226
/home/tuukka/python_scripts/etuovi/get_listings.py:456: FutureWarning: Setting an item of incompatible dtype is deprecated and will raise an error in a future version of pandas. Value '2008' has dtype incompatible with float64, please explicitly cast to a compatible dtype first.
  df_combined.at[idx, key] = value
/home/tuukka/python_scripts/etuovi/get_listings.py:456: FutureWarning: Setting an item of incompatible dtype is deprecated and will raise an error in a future version of pandas. Value '2008' has dtype incompatible with float64, please explicitly cast to a compatible dtype first.
  df_combined.at[idx, key] = value
Käyttäjä: tuukka
HOME: /home/tuukka
Starting 'get_urls' function
Ei spotlight-mainosta tällä sivulla.
https://www.etuovi.com/myytavat-asunnot/oulu/heinapaa?haku=M2284191086
Siirrytään sivulle..
Sivu ladattu!
Cookies-popup error
An error occurred: Message: 
Stacktrace:
RemoteError@chrome://remote/content/shared/RemoteError.sys.mjs:8:8
WebDriverError@chrome://remote/content/shared/webdriver/Errors.sys.mjs:199:5
NoSuchElementError@chrome://remote/content/shared/webdriver/Errors.sys.mjs:552:5
dom.find/</<@chrome://remote/content/shared/DOM.sys.mjs:136:16


Käsitellään sivu 1: https://www.etuovi.com/myytavat-asunnot/oulu/heinapaa?haku=M2284191086&sivu=1
Spotlight-mainos poistettu.
Löytyi 30 uutta linkkiä

Käsitellään sivu 2: https://www.etuovi.com/myytavat-asunnot/oulu/heinapaa?haku=M2284191086&sivu=2
Spotlight-mainos poistettu.
Löytyi 28 uutta linkkiä

Käsitellään sivu 3: https://www.etuovi.com/myytavat-asunnot/oulu/heinapaa?haku=M2284191086&sivu=3
Spotlight-mainos poistettu.
Löytyi 0 uutta linkkiä
Ei uusia linkkejä – lopetetaan.
Writing 58 rows to 'latest_listings.csv'
Save complete!
Execution time: 42.97 seconds
Looking for all_listings.csv at: /home/tuukka/python_scripts/etuovi/all_listings.csv
Exists? True
Loaded latest listings from:  /home/tuukka/python_scripts/etuovi/latest_listings.csv
todays list has 58 listings
Old dataframe contains 166 listings
Startins 'get_soup' function
Saved combined listings to:  /home/tuukka/python_scripts/etuovi/all_listings.csv
Script completed at 2026-03-20 03:01:40.226066
/home/tuukka/python_scripts/etuovi/get_listings.py:456: FutureWarning: Setting an item of incompatible dtype is deprecated and will raise an error in a future version of pandas. Value '2008' has dtype incompatible with float64, please explicitly cast to a compatible dtype first.
  df_combined.at[idx, key] = value
/home/tuukka/python_scripts/etuovi/get_listings.py:456: FutureWarning: Setting an item of incompatible dtype is deprecated and will raise an error in a future version of pandas. Value '2008' has dtype incompatible with float64, please explicitly cast to a compatible dtype first.
  df_combined.at[idx, key] = value
Käyttäjä: tuukka
HOME: /home/tuukka
Starting 'get_urls' function
Ei spotlight-mainosta tällä sivulla.
https://www.etuovi.com/myytavat-asunnot/oulu/heinapaa?haku=M2284191086
Siirrytään sivulle..
Sivu ladattu!
Cookies-popup error
An error occurred: Message: 
Stacktrace:
RemoteError@chrome://remote/content/shared/RemoteError.sys.mjs:8:8
WebDriverError@chrome://remote/content/shared/webdriver/Errors.sys.mjs:199:5
NoSuchElementError@chrome://remote/content/shared/webdriver/Errors.sys.mjs:552:5
dom.find/</<@chrome://remote/content/shared/DOM.sys.mjs:136:16


Käsitellään sivu 1: https://www.etuovi.com/myytavat-asunnot/oulu/heinapaa?haku=M2284191086&sivu=1
Spotlight-mainos poistettu.
Löytyi 30 uutta linkkiä

Käsitellään sivu 2: https://www.etuovi.com/myytavat-asunnot/oulu/heinapaa?haku=M2284191086&sivu=2
Spotlight-mainos poistettu.
Löytyi 28 uutta linkkiä

Käsitellään sivu 3: https://www.etuovi.com/myytavat-asunnot/oulu/heinapaa?haku=M2284191086&sivu=3
Spotlight-mainos poistettu.
Löytyi 0 uutta linkkiä
Ei uusia linkkejä – lopetetaan.
Writing 58 rows to 'latest_listings.csv'
Save complete!
Execution time: 39.28 seconds
Looking for all_listings.csv at: /home/tuukka/python_scripts/etuovi/all_listings.csv
Exists? True
Loaded latest listings from:  /home/tuukka/python_scripts/etuovi/latest_listings.csv
todays list has 58 listings
Old dataframe contains 168 listings
Startins 'get_soup' function
Saved combined listings to:  /home/tuukka/python_scripts/etuovi/all_listings.csv
Script completed at 2026-03-21 03:01:30.349126
/home/tuukka/python_scripts/etuovi/get_listings.py:456: FutureWarning: Setting an item of incompatible dtype is deprecated and will raise an error in a future version of pandas. Value '2008' has dtype incompatible with float64, please explicitly cast to a compatible dtype first.
  df_combined.at[idx, key] = value
/home/tuukka/python_scripts/etuovi/get_listings.py:456: FutureWarning: Setting an item of incompatible dtype is deprecated and will raise an error in a future version of pandas. Value '2008' has dtype incompatible with float64, please explicitly cast to a compatible dtype first.
  df_combined.at[idx, key] = value
Käyttäjä: tuukka
HOME: /home/tuukka
Starting 'get_urls' function
Ei spotlight-mainosta tällä sivulla.
https://www.etuovi.com/myytavat-asunnot/oulu/heinapaa?haku=M2284191086
Siirrytään sivulle..
Sivu ladattu!
Cookies-popup error
An error occurred: Message: 
Stacktrace:
RemoteError@chrome://remote/content/shared/RemoteError.sys.mjs:8:8
WebDriverError@chrome://remote/content/shared/webdriver/Errors.sys.mjs:199:5
NoSuchElementError@chrome://remote/content/shared/webdriver/Errors.sys.mjs:552:5
dom.find/</<@chrome://remote/content/shared/DOM.sys.mjs:136:16


Käsitellään sivu 1: https://www.etuovi.com/myytavat-asunnot/oulu/heinapaa?haku=M2284191086&sivu=1
Spotlight-mainos poistettu.
Löytyi 30 uutta linkkiä

Käsitellään sivu 2: https://www.etuovi.com/myytavat-asunnot/oulu/heinapaa?haku=M2284191086&sivu=2
Spotlight-mainos poistettu.
Löytyi 27 uutta linkkiä

Käsitellään sivu 3: https://www.etuovi.com/myytavat-asunnot/oulu/heinapaa?haku=M2284191086&sivu=3
Spotlight-mainos poistettu.
Löytyi 0 uutta linkkiä
Ei uusia linkkejä – lopetetaan.
Writing 57 rows to 'latest_listings.csv'
Save complete!
Execution time: 44.61 seconds
Looking for all_listings.csv at: /home/tuukka/python_scripts/etuovi/all_listings.csv
Exists? True
Loaded latest listings from:  /home/tuukka/python_scripts/etuovi/latest_listings.csv
todays list has 57 listings
Old dataframe contains 168 listings
Startins 'get_soup' function
Saved combined listings to:  /home/tuukka/python_scripts/etuovi/all_listings.csv
Script completed at 2026-03-22 03:01:34.959139
/home/tuukka/python_scripts/etuovi/get_listings.py:456: FutureWarning: Setting an item of incompatible dtype is deprecated and will raise an error in a future version of pandas. Value '2008' has dtype incompatible with float64, please explicitly cast to a compatible dtype first.
  df_combined.at[idx, key] = value
/home/tuukka/python_scripts/etuovi/get_listings.py:456: FutureWarning: Setting an item of incompatible dtype is deprecated and will raise an error in a future version of pandas. Value '2008' has dtype incompatible with float64, please explicitly cast to a compatible dtype first.
  df_combined.at[idx, key] = value
Käyttäjä: tuukka
HOME: /home/tuukka
Starting 'get_urls' function
Ei spotlight-mainosta tällä sivulla.
https://www.etuovi.com/myytavat-asunnot/oulu/heinapaa?haku=M2284191086
Siirrytään sivulle..
Sivu ladattu!
Cookies-popup error
An error occurred: Message: 
Stacktrace:
RemoteError@chrome://remote/content/shared/RemoteError.sys.mjs:8:8
WebDriverError@chrome://remote/content/shared/webdriver/Errors.sys.mjs:199:5
NoSuchElementError@chrome://remote/content/shared/webdriver/Errors.sys.mjs:552:5
dom.find/</<@chrome://remote/content/shared/DOM.sys.mjs:136:16


Käsitellään sivu 1: https://www.etuovi.com/myytavat-asunnot/oulu/heinapaa?haku=M2284191086&sivu=1
Spotlight-mainos poistettu.
Löytyi 30 uutta linkkiä

Käsitellään sivu 2: https://www.etuovi.com/myytavat-asunnot/oulu/heinapaa?haku=M2284191086&sivu=2
Spotlight-mainos poistettu.
Löytyi 27 uutta linkkiä

Käsitellään sivu 3: https://www.etuovi.com/myytavat-asunnot/oulu/heinapaa?haku=M2284191086&sivu=3
Spotlight-mainos poistettu.
Löytyi 0 uutta linkkiä
Ei uusia linkkejä – lopetetaan.
Writing 57 rows to 'latest_listings.csv'
Save complete!
Execution time: 43.64 seconds
Looking for all_listings.csv at: /home/tuukka/python_scripts/etuovi/all_listings.csv
Exists? True
Loaded latest listings from:  /home/tuukka/python_scripts/etuovi/latest_listings.csv
todays list has 57 listings
Old dataframe contains 168 listings
Startins 'get_soup' function
Saved combined listings to:  /home/tuukka/python_scripts/etuovi/all_listings.csv
Script completed at 2026-03-23 03:01:34.727235
/home/tuukka/python_scripts/etuovi/get_listings.py:456: FutureWarning: Setting an item of incompatible dtype is deprecated and will raise an error in a future version of pandas. Value '2008' has dtype incompatible with float64, please explicitly cast to a compatible dtype first.
  df_combined.at[idx, key] = value
/home/tuukka/python_scripts/etuovi/get_listings.py:456: FutureWarning: Setting an item of incompatible dtype is deprecated and will raise an error in a future version of pandas. Value '2008' has dtype incompatible with float64, please explicitly cast to a compatible dtype first.
  df_combined.at[idx, key] = value
Käyttäjä: tuukka
HOME: /home/tuukka
Starting 'get_urls' function
Ei spotlight-mainosta tällä sivulla.
https://www.etuovi.com/myytavat-asunnot/oulu/heinapaa?haku=M2284191086
Siirrytään sivulle..
Sivu ladattu!
Cookies-popup error
An error occurred: Message: 
Stacktrace:
RemoteError@chrome://remote/content/shared/RemoteError.sys.mjs:8:8
WebDriverError@chrome://remote/content/shared/webdriver/Errors.sys.mjs:199:5
NoSuchElementError@chrome://remote/content/shared/webdriver/Errors.sys.mjs:552:5
dom.find/</<@chrome://remote/content/shared/DOM.sys.mjs:136:16


Käsitellään sivu 1: https://www.etuovi.com/myytavat-asunnot/oulu/heinapaa?haku=M2284191086&sivu=1
Spotlight-mainos poistettu.
Löytyi 30 uutta linkkiä

Käsitellään sivu 2: https://www.etuovi.com/myytavat-asunnot/oulu/heinapaa?haku=M2284191086&sivu=2
Spotlight-mainos poistettu.
Löytyi 26 uutta linkkiä

Käsitellään sivu 3: https://www.etuovi.com/myytavat-asunnot/oulu/heinapaa?haku=M2284191086&sivu=3
Spotlight-mainos poistettu.
Löytyi 0 uutta linkkiä
Ei uusia linkkejä – lopetetaan.
Writing 56 rows to 'latest_listings.csv'
Save complete!
Execution time: 44.69 seconds
Looking for all_listings.csv at: /home/tuukka/python_scripts/etuovi/all_listings.csv
Exists? True
Loaded latest listings from:  /home/tuukka/python_scripts/etuovi/latest_listings.csv
todays list has 56 listings
Old dataframe contains 168 listings
Startins 'get_soup' function
Saved combined listings to:  /home/tuukka/python_scripts/etuovi/all_listings.csv
Script completed at 2026-03-24 03:01:35.286896
/home/tuukka/python_scripts/etuovi/get_listings.py:456: FutureWarning: Setting an item of incompatible dtype is deprecated and will raise an error in a future version of pandas. Value '2008' has dtype incompatible with float64, please explicitly cast to a compatible dtype first.
  df_combined.at[idx, key] = value
/home/tuukka/python_scripts/etuovi/get_listings.py:456: FutureWarning: Setting an item of incompatible dtype is deprecated and will raise an error in a future version of pandas. Value '2008' has dtype incompatible with float64, please explicitly cast to a compatible dtype first.
  df_combined.at[idx, key] = value
Käyttäjä: tuukka
HOME: /home/tuukka
Starting 'get_urls' function
Ei spotlight-mainosta tällä sivulla.
https://www.etuovi.com/myytavat-asunnot/oulu/heinapaa?haku=M2284191086
Siirrytään sivulle..
Sivu ladattu!
Cookies-popup error
An error occurred: Message: 
Stacktrace:
RemoteError@chrome://remote/content/shared/RemoteError.sys.mjs:8:8
WebDriverError@chrome://remote/content/shared/webdriver/Errors.sys.mjs:199:5
NoSuchElementError@chrome://remote/content/shared/webdriver/Errors.sys.mjs:552:5
dom.find/</<@chrome://remote/content/shared/DOM.sys.mjs:136:16


Käsitellään sivu 1: https://www.etuovi.com/myytavat-asunnot/oulu/heinapaa?haku=M2284191086&sivu=1
Spotlight-mainos poistettu.
Löytyi 30 uutta linkkiä

Käsitellään sivu 2: https://www.etuovi.com/myytavat-asunnot/oulu/heinapaa?haku=M2284191086&sivu=2
Spotlight-mainos poistettu.
Löytyi 26 uutta linkkiä

Käsitellään sivu 3: https://www.etuovi.com/myytavat-asunnot/oulu/heinapaa?haku=M2284191086&sivu=3
Spotlight-mainos poistettu.
Löytyi 0 uutta linkkiä
Ei uusia linkkejä – lopetetaan.
Writing 56 rows to 'latest_listings.csv'
Save complete!
Execution time: 44.63 seconds
Looking for all_listings.csv at: /home/tuukka/python_scripts/etuovi/all_listings.csv
Exists? True
Loaded latest listings from:  /home/tuukka/python_scripts/etuovi/latest_listings.csv
todays list has 56 listings
Old dataframe contains 168 listings
Startins 'get_soup' function
Saved combined listings to:  /home/tuukka/python_scripts/etuovi/all_listings.csv
Script completed at 2026-03-25 03:01:38.566435
/home/tuukka/python_scripts/etuovi/get_listings.py:456: FutureWarning: Setting an item of incompatible dtype is deprecated and will raise an error in a future version of pandas. Value '2008' has dtype incompatible with float64, please explicitly cast to a compatible dtype first.
  df_combined.at[idx, key] = value
/home/tuukka/python_scripts/etuovi/get_listings.py:456: FutureWarning: Setting an item of incompatible dtype is deprecated and will raise an error in a future version of pandas. Value '2008' has dtype incompatible with float64, please explicitly cast to a compatible dtype first.
  df_combined.at[idx, key] = value
Käyttäjä: tuukka
HOME: /home/tuukka
Starting 'get_urls' function
Ei spotlight-mainosta tällä sivulla.
https://www.etuovi.com/myytavat-asunnot/oulu/heinapaa?haku=M2284191086
Siirrytään sivulle..
Sivu ladattu!
Cookies-popup error
An error occurred: Message: 
Stacktrace:
RemoteError@chrome://remote/content/shared/RemoteError.sys.mjs:8:8
WebDriverError@chrome://remote/content/shared/webdriver/Errors.sys.mjs:199:5
NoSuchElementError@chrome://remote/content/shared/webdriver/Errors.sys.mjs:552:5
dom.find/</<@chrome://remote/content/shared/DOM.sys.mjs:136:16


Käsitellään sivu 1: https://www.etuovi.com/myytavat-asunnot/oulu/heinapaa?haku=M2284191086&sivu=1
Spotlight-mainos poistettu.
Löytyi 30 uutta linkkiä

Käsitellään sivu 2: https://www.etuovi.com/myytavat-asunnot/oulu/heinapaa?haku=M2284191086&sivu=2
Spotlight-mainos poistettu.
Löytyi 26 uutta linkkiä

Käsitellään sivu 3: https://www.etuovi.com/myytavat-asunnot/oulu/heinapaa?haku=M2284191086&sivu=3
Spotlight-mainos poistettu.
Löytyi 0 uutta linkkiä
Ei uusia linkkejä – lopetetaan.
Writing 56 rows to 'latest_listings.csv'
Save complete!
Execution time: 44.39 seconds
Looking for all_listings.csv at: /home/tuukka/python_scripts/etuovi/all_listings.csv
Exists? True
Loaded latest listings from:  /home/tuukka/python_scripts/etuovi/latest_listings.csv
todays list has 56 listings
Old dataframe contains 169 listings
Startins 'get_soup' function
Saved combined listings to:  /home/tuukka/python_scripts/etuovi/all_listings.csv
Script completed at 2026-03-26 03:01:35.338177
/home/tuukka/python_scripts/etuovi/get_listings.py:456: FutureWarning: Setting an item of incompatible dtype is deprecated and will raise an error in a future version of pandas. Value '2008' has dtype incompatible with float64, please explicitly cast to a compatible dtype first.
  df_combined.at[idx, key] = value
/home/tuukka/python_scripts/etuovi/get_listings.py:456: FutureWarning: Setting an item of incompatible dtype is deprecated and will raise an error in a future version of pandas. Value '2008' has dtype incompatible with float64, please explicitly cast to a compatible dtype first.
  df_combined.at[idx, key] = value
Käyttäjä: tuukka
HOME: /home/tuukka
Starting 'get_urls' function
Ei spotlight-mainosta tällä sivulla.
https://www.etuovi.com/myytavat-asunnot/oulu/heinapaa?haku=M2284191086
Siirrytään sivulle..
Sivu ladattu!
Cookies-popup error
An error occurred: Message: 
Stacktrace:
RemoteError@chrome://remote/content/shared/RemoteError.sys.mjs:8:8
WebDriverError@chrome://remote/content/shared/webdriver/Errors.sys.mjs:199:5
NoSuchElementError@chrome://remote/content/shared/webdriver/Errors.sys.mjs:552:5
dom.find/</<@chrome://remote/content/shared/DOM.sys.mjs:136:16


Käsitellään sivu 1: https://www.etuovi.com/myytavat-asunnot/oulu/heinapaa?haku=M2284191086&sivu=1
Spotlight-mainos poistettu.
Löytyi 30 uutta linkkiä

Käsitellään sivu 2: https://www.etuovi.com/myytavat-asunnot/oulu/heinapaa?haku=M2284191086&sivu=2
Spotlight-mainos poistettu.
Löytyi 22 uutta linkkiä

Käsitellään sivu 3: https://www.etuovi.com/myytavat-asunnot/oulu/heinapaa?haku=M2284191086&sivu=3
Spotlight-mainos poistettu.
Löytyi 0 uutta linkkiä
Ei uusia linkkejä – lopetetaan.
Writing 52 rows to 'latest_listings.csv'
Save complete!
Execution time: 43.96 seconds
Looking for all_listings.csv at: /home/tuukka/python_scripts/etuovi/all_listings.csv
Exists? True
Loaded latest listings from:  /home/tuukka/python_scripts/etuovi/latest_listings.csv
todays list has 52 listings
Old dataframe contains 169 listings
Startins 'get_soup' function
Saved combined listings to:  /home/tuukka/python_scripts/etuovi/all_listings.csv
Script completed at 2026-03-27 03:01:34.513386
/home/tuukka/python_scripts/etuovi/get_listings.py:456: FutureWarning: Setting an item of incompatible dtype is deprecated and will raise an error in a future version of pandas. Value '2008' has dtype incompatible with float64, please explicitly cast to a compatible dtype first.
  df_combined.at[idx, key] = value
/home/tuukka/python_scripts/etuovi/get_listings.py:456: FutureWarning: Setting an item of incompatible dtype is deprecated and will raise an error in a future version of pandas. Value '2008' has dtype incompatible with float64, please explicitly cast to a compatible dtype first.
  df_combined.at[idx, key] = value
Käyttäjä: tuukka
HOME: /home/tuukka
Starting 'get_urls' function
Ei spotlight-mainosta tällä sivulla.
https://www.etuovi.com/myytavat-asunnot/oulu/heinapaa?haku=M2284191086
Siirrytään sivulle..
Sivu ladattu!
Cookies-popup error
An error occurred: Message: 
Stacktrace:
RemoteError@chrome://remote/content/shared/RemoteError.sys.mjs:8:8
WebDriverError@chrome://remote/content/shared/webdriver/Errors.sys.mjs:199:5
NoSuchElementError@chrome://remote/content/shared/webdriver/Errors.sys.mjs:552:5
dom.find/</<@chrome://remote/content/shared/DOM.sys.mjs:136:16


Käsitellään sivu 1: https://www.etuovi.com/myytavat-asunnot/oulu/heinapaa?haku=M2284191086&sivu=1
Spotlight-mainos poistettu.
Löytyi 30 uutta linkkiä

Käsitellään sivu 2: https://www.etuovi.com/myytavat-asunnot/oulu/heinapaa?haku=M2284191086&sivu=2
Spotlight-mainos poistettu.
Löytyi 23 uutta linkkiä

Käsitellään sivu 3: https://www.etuovi.com/myytavat-asunnot/oulu/heinapaa?haku=M2284191086&sivu=3
Spotlight-mainos poistettu.
Löytyi 0 uutta linkkiä
Ei uusia linkkejä – lopetetaan.
Writing 53 rows to 'latest_listings.csv'
Save complete!
Execution time: 45.13 seconds
Looking for all_listings.csv at: /home/tuukka/python_scripts/etuovi/all_listings.csv
Exists? True
Loaded latest listings from:  /home/tuukka/python_scripts/etuovi/latest_listings.csv
todays list has 53 listings
Old dataframe contains 169 listings
Startins 'get_soup' function
Saved combined listings to:  /home/tuukka/python_scripts/etuovi/all_listings.csv
Script completed at 2026-03-28 03:01:41.898092
/home/tuukka/python_scripts/etuovi/get_listings.py:456: FutureWarning: Setting an item of incompatible dtype is deprecated and will raise an error in a future version of pandas. Value '2008' has dtype incompatible with float64, please explicitly cast to a compatible dtype first.
  df_combined.at[idx, key] = value
/home/tuukka/python_scripts/etuovi/get_listings.py:456: FutureWarning: Setting an item of incompatible dtype is deprecated and will raise an error in a future version of pandas. Value '2008' has dtype incompatible with float64, please explicitly cast to a compatible dtype first.
  df_combined.at[idx, key] = value
Käyttäjä: tuukka
HOME: /home/tuukka
Starting 'get_urls' function
Ei spotlight-mainosta tällä sivulla.
https://www.etuovi.com/myytavat-asunnot/oulu/heinapaa?haku=M2284191086
Siirrytään sivulle..
Sivu ladattu!
Cookies-popup error
An error occurred: Message: 
Stacktrace:
RemoteError@chrome://remote/content/shared/RemoteError.sys.mjs:8:8
WebDriverError@chrome://remote/content/shared/webdriver/Errors.sys.mjs:199:5
NoSuchElementError@chrome://remote/content/shared/webdriver/Errors.sys.mjs:552:5
dom.find/</<@chrome://remote/content/shared/DOM.sys.mjs:136:16


Käsitellään sivu 1: https://www.etuovi.com/myytavat-asunnot/oulu/heinapaa?haku=M2284191086&sivu=1
Spotlight-mainos poistettu.
Löytyi 30 uutta linkkiä

Käsitellään sivu 2: https://www.etuovi.com/myytavat-asunnot/oulu/heinapaa?haku=M2284191086&sivu=2
Spotlight-mainos poistettu.
Löytyi 22 uutta linkkiä

Käsitellään sivu 3: https://www.etuovi.com/myytavat-asunnot/oulu/heinapaa?haku=M2284191086&sivu=3
Spotlight-mainos poistettu.
Löytyi 0 uutta linkkiä
Ei uusia linkkejä – lopetetaan.
Writing 52 rows to 'latest_listings.csv'
Save complete!
Execution time: 46.05 seconds
Looking for all_listings.csv at: /home/tuukka/python_scripts/etuovi/all_listings.csv
Exists? True
Loaded latest listings from:  /home/tuukka/python_scripts/etuovi/latest_listings.csv
todays list has 52 listings
Old dataframe contains 171 listings
Startins 'get_soup' function
Saved combined listings to:  /home/tuukka/python_scripts/etuovi/all_listings.csv
Script completed at 2026-03-29 04:01:39.825202
/home/tuukka/python_scripts/etuovi/get_listings.py:456: FutureWarning: Setting an item of incompatible dtype is deprecated and will raise an error in a future version of pandas. Value '2008' has dtype incompatible with float64, please explicitly cast to a compatible dtype first.
  df_combined.at[idx, key] = value
/home/tuukka/python_scripts/etuovi/get_listings.py:456: FutureWarning: Setting an item of incompatible dtype is deprecated and will raise an error in a future version of pandas. Value '2008' has dtype incompatible with float64, please explicitly cast to a compatible dtype first.
  df_combined.at[idx, key] = value
Käyttäjä: tuukka
HOME: /home/tuukka
Starting 'get_urls' function
Ei spotlight-mainosta tällä sivulla.
https://www.etuovi.com/myytavat-asunnot/oulu/heinapaa?haku=M2284191086
Siirrytään sivulle..
Sivu ladattu!
Cookies-popup error
An error occurred: Message: 
Stacktrace:
RemoteError@chrome://remote/content/shared/RemoteError.sys.mjs:8:8
WebDriverError@chrome://remote/content/shared/webdriver/Errors.sys.mjs:199:5
NoSuchElementError@chrome://remote/content/shared/webdriver/Errors.sys.mjs:552:5
dom.find/</<@chrome://remote/content/shared/DOM.sys.mjs:136:16


Käsitellään sivu 1: https://www.etuovi.com/myytavat-asunnot/oulu/heinapaa?haku=M2284191086&sivu=1
Spotlight-mainos poistettu.
Löytyi 30 uutta linkkiä

Käsitellään sivu 2: https://www.etuovi.com/myytavat-asunnot/oulu/heinapaa?haku=M2284191086&sivu=2
Spotlight-mainos poistettu.
Löytyi 22 uutta linkkiä

Käsitellään sivu 3: https://www.etuovi.com/myytavat-asunnot/oulu/heinapaa?haku=M2284191086&sivu=3
Spotlight-mainos poistettu.
Löytyi 0 uutta linkkiä
Ei uusia linkkejä – lopetetaan.
Writing 52 rows to 'latest_listings.csv'
Save complete!
Execution time: 41.37 seconds
Looking for all_listings.csv at: /home/tuukka/python_scripts/etuovi/all_listings.csv
Exists? True
Loaded latest listings from:  /home/tuukka/python_scripts/etuovi/latest_listings.csv
todays list has 52 listings
Old dataframe contains 171 listings
Startins 'get_soup' function
Saved combined listings to:  /home/tuukka/python_scripts/etuovi/all_listings.csv
Script completed at 2026-03-30 03:01:32.777515
/home/tuukka/python_scripts/etuovi/get_listings.py:456: FutureWarning: Setting an item of incompatible dtype is deprecated and will raise an error in a future version of pandas. Value '2008' has dtype incompatible with float64, please explicitly cast to a compatible dtype first.
  df_combined.at[idx, key] = value
/home/tuukka/python_scripts/etuovi/get_listings.py:456: FutureWarning: Setting an item of incompatible dtype is deprecated and will raise an error in a future version of pandas. Value '2008' has dtype incompatible with float64, please explicitly cast to a compatible dtype first.
  df_combined.at[idx, key] = value
Käyttäjä: tuukka
HOME: /home/tuukka
Starting 'get_urls' function
Ei spotlight-mainosta tällä sivulla.
https://www.etuovi.com/myytavat-asunnot/oulu/heinapaa?haku=M2284191086
Siirrytään sivulle..
Sivu ladattu!
Cookies-popup error
An error occurred: Message: 
Stacktrace:
RemoteError@chrome://remote/content/shared/RemoteError.sys.mjs:8:8
WebDriverError@chrome://remote/content/shared/webdriver/Errors.sys.mjs:199:5
NoSuchElementError@chrome://remote/content/shared/webdriver/Errors.sys.mjs:552:5
dom.find/</<@chrome://remote/content/shared/DOM.sys.mjs:136:16


Käsitellään sivu 1: https://www.etuovi.com/myytavat-asunnot/oulu/heinapaa?haku=M2284191086&sivu=1
Spotlight-mainos poistettu.
Löytyi 30 uutta linkkiä

Käsitellään sivu 2: https://www.etuovi.com/myytavat-asunnot/oulu/heinapaa?haku=M2284191086&sivu=2
Spotlight-mainos poistettu.
Löytyi 23 uutta linkkiä

Käsitellään sivu 3: https://www.etuovi.com/myytavat-asunnot/oulu/heinapaa?haku=M2284191086&sivu=3
Spotlight-mainos poistettu.
Löytyi 0 uutta linkkiä
Ei uusia linkkejä – lopetetaan.
Writing 53 rows to 'latest_listings.csv'
Save complete!
Execution time: 44.00 seconds
Looking for all_listings.csv at: /home/tuukka/python_scripts/etuovi/all_listings.csv
Exists? True
Loaded latest listings from:  /home/tuukka/python_scripts/etuovi/latest_listings.csv
todays list has 53 listings
Old dataframe contains 171 listings
Startins 'get_soup' function
Saved combined listings to:  /home/tuukka/python_scripts/etuovi/all_listings.csv
Script completed at 2026-03-31 03:01:40.363545
/home/tuukka/python_scripts/etuovi/get_listings.py:456: FutureWarning: Setting an item of incompatible dtype is deprecated and will raise an error in a future version of pandas. Value '2008' has dtype incompatible with float64, please explicitly cast to a compatible dtype first.
  df_combined.at[idx, key] = value
/home/tuukka/python_scripts/etuovi/get_listings.py:456: FutureWarning: Setting an item of incompatible dtype is deprecated and will raise an error in a future version of pandas. Value '2008' has dtype incompatible with float64, please explicitly cast to a compatible dtype first.
  df_combined.at[idx, key] = value
Käyttäjä: tuukka
HOME: /home/tuukka
Starting 'get_urls' function
Ei spotlight-mainosta tällä sivulla.
https://www.etuovi.com/myytavat-asunnot/oulu/heinapaa?haku=M2284191086
Siirrytään sivulle..
Sivu ladattu!
Cookies-popup error
An error occurred: Message: 
Stacktrace:
RemoteError@chrome://remote/content/shared/RemoteError.sys.mjs:8:8
WebDriverError@chrome://remote/content/shared/webdriver/Errors.sys.mjs:199:5
NoSuchElementError@chrome://remote/content/shared/webdriver/Errors.sys.mjs:552:5
dom.find/</<@chrome://remote/content/shared/DOM.sys.mjs:136:16


Käsitellään sivu 1: https://www.etuovi.com/myytavat-asunnot/oulu/heinapaa?haku=M2284191086&sivu=1
Spotlight-mainos poistettu.
Löytyi 30 uutta linkkiä

Käsitellään sivu 2: https://www.etuovi.com/myytavat-asunnot/oulu/heinapaa?haku=M2284191086&sivu=2
Spotlight-mainos poistettu.
Löytyi 21 uutta linkkiä

Käsitellään sivu 3: https://www.etuovi.com/myytavat-asunnot/oulu/heinapaa?haku=M2284191086&sivu=3
Spotlight-mainos poistettu.
Löytyi 0 uutta linkkiä
Ei uusia linkkejä – lopetetaan.
Writing 51 rows to 'latest_listings.csv'
Save complete!
Execution time: 45.66 seconds
Looking for all_listings.csv at: /home/tuukka/python_scripts/etuovi/all_listings.csv
Exists? True
Loaded latest listings from:  /home/tuukka/python_scripts/etuovi/latest_listings.csv
todays list has 51 listings
Old dataframe contains 172 listings
Startins 'get_soup' function
Saved combined listings to:  /home/tuukka/python_scripts/etuovi/all_listings.csv
Script completed at 2026-04-01 03:01:45.953953
/home/tuukka/python_scripts/etuovi/get_listings.py:456: FutureWarning: Setting an item of incompatible dtype is deprecated and will raise an error in a future version of pandas. Value '2008' has dtype incompatible with float64, please explicitly cast to a compatible dtype first.
  df_combined.at[idx, key] = value
/home/tuukka/python_scripts/etuovi/get_listings.py:456: FutureWarning: Setting an item of incompatible dtype is deprecated and will raise an error in a future version of pandas. Value '2008' has dtype incompatible with float64, please explicitly cast to a compatible dtype first.
  df_combined.at[idx, key] = value
Käyttäjä: tuukka
HOME: /home/tuukka
Starting 'get_urls' function
Ei spotlight-mainosta tällä sivulla.
https://www.etuovi.com/myytavat-asunnot/oulu/heinapaa?haku=M2284191086
Siirrytään sivulle..
Sivu ladattu!
Cookies-popup error
An error occurred: Message: 
Stacktrace:
RemoteError@chrome://remote/content/shared/RemoteError.sys.mjs:8:8
WebDriverError@chrome://remote/content/shared/webdriver/Errors.sys.mjs:199:5
NoSuchElementError@chrome://remote/content/shared/webdriver/Errors.sys.mjs:552:5
dom.find/</<@chrome://remote/content/shared/DOM.sys.mjs:136:16


Käsitellään sivu 1: https://www.etuovi.com/myytavat-asunnot/oulu/heinapaa?haku=M2284191086&sivu=1
Spotlight-mainos poistettu.
Löytyi 30 uutta linkkiä

Käsitellään sivu 2: https://www.etuovi.com/myytavat-asunnot/oulu/heinapaa?haku=M2284191086&sivu=2
Spotlight-mainos poistettu.
Löytyi 21 uutta linkkiä

Käsitellään sivu 3: https://www.etuovi.com/myytavat-asunnot/oulu/heinapaa?haku=M2284191086&sivu=3
Spotlight-mainos poistettu.
Löytyi 0 uutta linkkiä
Ei uusia linkkejä – lopetetaan.
Writing 51 rows to 'latest_listings.csv'
Save complete!
Execution time: 41.49 seconds
Looking for all_listings.csv at: /home/tuukka/python_scripts/etuovi/all_listings.csv
Exists? True
Loaded latest listings from:  /home/tuukka/python_scripts/etuovi/latest_listings.csv
todays list has 51 listings
Old dataframe contains 174 listings
Startins 'get_soup' function
Saved combined listings to:  /home/tuukka/python_scripts/etuovi/all_listings.csv
Script completed at 2026-04-02 03:01:38.069998
/home/tuukka/python_scripts/etuovi/get_listings.py:456: FutureWarning: Setting an item of incompatible dtype is deprecated and will raise an error in a future version of pandas. Value '2008' has dtype incompatible with float64, please explicitly cast to a compatible dtype first.
  df_combined.at[idx, key] = value
/home/tuukka/python_scripts/etuovi/get_listings.py:456: FutureWarning: Setting an item of incompatible dtype is deprecated and will raise an error in a future version of pandas. Value '2008' has dtype incompatible with float64, please explicitly cast to a compatible dtype first.
  df_combined.at[idx, key] = value
Käyttäjä: tuukka
HOME: /home/tuukka
Starting 'get_urls' function
Ei spotlight-mainosta tällä sivulla.
https://www.etuovi.com/myytavat-asunnot/oulu/heinapaa?haku=M2284191086
Siirrytään sivulle..
Sivu ladattu!
Cookies-popup error
An error occurred: Message: 
Stacktrace:
RemoteError@chrome://remote/content/shared/RemoteError.sys.mjs:8:8
WebDriverError@chrome://remote/content/shared/webdriver/Errors.sys.mjs:199:5
NoSuchElementError@chrome://remote/content/shared/webdriver/Errors.sys.mjs:552:5
dom.find/</<@chrome://remote/content/shared/DOM.sys.mjs:136:16


Käsitellään sivu 1: https://www.etuovi.com/myytavat-asunnot/oulu/heinapaa?haku=M2284191086&sivu=1
Spotlight-mainos poistettu.
Löytyi 30 uutta linkkiä

Käsitellään sivu 2: https://www.etuovi.com/myytavat-asunnot/oulu/heinapaa?haku=M2284191086&sivu=2
Spotlight-mainos poistettu.
Löytyi 23 uutta linkkiä

Käsitellään sivu 3: https://www.etuovi.com/myytavat-asunnot/oulu/heinapaa?haku=M2284191086&sivu=3
Spotlight-mainos poistettu.
Löytyi 0 uutta linkkiä
Ei uusia linkkejä – lopetetaan.
Writing 53 rows to 'latest_listings.csv'
Save complete!
Execution time: 46.10 seconds
Looking for all_listings.csv at: /home/tuukka/python_scripts/etuovi/all_listings.csv
Exists? True
Loaded latest listings from:  /home/tuukka/python_scripts/etuovi/latest_listings.csv
todays list has 53 listings
Old dataframe contains 175 listings
Startins 'get_soup' function
Saved combined listings to:  /home/tuukka/python_scripts/etuovi/all_listings.csv
Script completed at 2026-04-03 03:01:42.206316
/home/tuukka/python_scripts/etuovi/get_listings.py:456: FutureWarning: Setting an item of incompatible dtype is deprecated and will raise an error in a future version of pandas. Value '2008' has dtype incompatible with float64, please explicitly cast to a compatible dtype first.
  df_combined.at[idx, key] = value
/home/tuukka/python_scripts/etuovi/get_listings.py:456: FutureWarning: Setting an item of incompatible dtype is deprecated and will raise an error in a future version of pandas. Value '2008' has dtype incompatible with float64, please explicitly cast to a compatible dtype first.
  df_combined.at[idx, key] = value
Käyttäjä: tuukka
HOME: /home/tuukka
Starting 'get_urls' function
Ei spotlight-mainosta tällä sivulla.
https://www.etuovi.com/myytavat-asunnot/oulu/heinapaa?haku=M2284191086
Siirrytään sivulle..
Sivu ladattu!
Cookies-popup error
An error occurred: Message: 
Stacktrace:
RemoteError@chrome://remote/content/shared/RemoteError.sys.mjs:8:8
WebDriverError@chrome://remote/content/shared/webdriver/Errors.sys.mjs:199:5
NoSuchElementError@chrome://remote/content/shared/webdriver/Errors.sys.mjs:552:5
dom.find/</<@chrome://remote/content/shared/DOM.sys.mjs:136:16


Käsitellään sivu 1: https://www.etuovi.com/myytavat-asunnot/oulu/heinapaa?haku=M2284191086&sivu=1
Spotlight-mainos poistettu.
Löytyi 30 uutta linkkiä

Käsitellään sivu 2: https://www.etuovi.com/myytavat-asunnot/oulu/heinapaa?haku=M2284191086&sivu=2
Spotlight-mainos poistettu.
Löytyi 23 uutta linkkiä

Käsitellään sivu 3: https://www.etuovi.com/myytavat-asunnot/oulu/heinapaa?haku=M2284191086&sivu=3
Spotlight-mainos poistettu.
Löytyi 0 uutta linkkiä
Ei uusia linkkejä – lopetetaan.
Writing 53 rows to 'latest_listings.csv'
Save complete!
Execution time: 42.99 seconds
Looking for all_listings.csv at: /home/tuukka/python_scripts/etuovi/all_listings.csv
Exists? True
Loaded latest listings from:  /home/tuukka/python_scripts/etuovi/latest_listings.csv
todays list has 53 listings
Old dataframe contains 176 listings
Startins 'get_soup' function
Saved combined listings to:  /home/tuukka/python_scripts/etuovi/all_listings.csv
Script completed at 2026-04-04 03:01:35.737448
/home/tuukka/python_scripts/etuovi/get_listings.py:456: FutureWarning: Setting an item of incompatible dtype is deprecated and will raise an error in a future version of pandas. Value '2008' has dtype incompatible with float64, please explicitly cast to a compatible dtype first.
  df_combined.at[idx, key] = value
/home/tuukka/python_scripts/etuovi/get_listings.py:456: FutureWarning: Setting an item of incompatible dtype is deprecated and will raise an error in a future version of pandas. Value '2008' has dtype incompatible with float64, please explicitly cast to a compatible dtype first.
  df_combined.at[idx, key] = value
Käyttäjä: tuukka
HOME: /home/tuukka
Starting 'get_urls' function
Ei spotlight-mainosta tällä sivulla.
https://www.etuovi.com/myytavat-asunnot/oulu/heinapaa?haku=M2284191086
Siirrytään sivulle..
Sivu ladattu!
Cookies-popup error
An error occurred: Message: 
Stacktrace:
RemoteError@chrome://remote/content/shared/RemoteError.sys.mjs:8:8
WebDriverError@chrome://remote/content/shared/webdriver/Errors.sys.mjs:199:5
NoSuchElementError@chrome://remote/content/shared/webdriver/Errors.sys.mjs:552:5
dom.find/</<@chrome://remote/content/shared/DOM.sys.mjs:136:16


Käsitellään sivu 1: https://www.etuovi.com/myytavat-asunnot/oulu/heinapaa?haku=M2284191086&sivu=1
Spotlight-mainos poistettu.
Löytyi 30 uutta linkkiä

Käsitellään sivu 2: https://www.etuovi.com/myytavat-asunnot/oulu/heinapaa?haku=M2284191086&sivu=2
Spotlight-mainos poistettu.
Löytyi 24 uutta linkkiä

Käsitellään sivu 3: https://www.etuovi.com/myytavat-asunnot/oulu/heinapaa?haku=M2284191086&sivu=3
Spotlight-mainos poistettu.
Löytyi 0 uutta linkkiä
Ei uusia linkkejä – lopetetaan.
Writing 54 rows to 'latest_listings.csv'
Save complete!
Execution time: 40.34 seconds
Looking for all_listings.csv at: /home/tuukka/python_scripts/etuovi/all_listings.csv
Exists? True
Loaded latest listings from:  /home/tuukka/python_scripts/etuovi/latest_listings.csv
todays list has 54 listings
Old dataframe contains 176 listings
Startins 'get_soup' function
Saved combined listings to:  /home/tuukka/python_scripts/etuovi/all_listings.csv
Script completed at 2026-04-05 03:01:37.097899
/home/tuukka/python_scripts/etuovi/get_listings.py:456: FutureWarning: Setting an item of incompatible dtype is deprecated and will raise an error in a future version of pandas. Value '2008' has dtype incompatible with float64, please explicitly cast to a compatible dtype first.
  df_combined.at[idx, key] = value
/home/tuukka/python_scripts/etuovi/get_listings.py:456: FutureWarning: Setting an item of incompatible dtype is deprecated and will raise an error in a future version of pandas. Value '2008' has dtype incompatible with float64, please explicitly cast to a compatible dtype first.
  df_combined.at[idx, key] = value
Käyttäjä: tuukka
HOME: /home/tuukka
Starting 'get_urls' function
Ei spotlight-mainosta tällä sivulla.
https://www.etuovi.com/myytavat-asunnot/oulu/heinapaa?haku=M2284191086
Siirrytään sivulle..
Sivu ladattu!
Cookies-popup error
An error occurred: Message: 
Stacktrace:
RemoteError@chrome://remote/content/shared/RemoteError.sys.mjs:8:8
WebDriverError@chrome://remote/content/shared/webdriver/Errors.sys.mjs:199:5
NoSuchElementError@chrome://remote/content/shared/webdriver/Errors.sys.mjs:552:5
dom.find/</<@chrome://remote/content/shared/DOM.sys.mjs:136:16


Käsitellään sivu 1: https://www.etuovi.com/myytavat-asunnot/oulu/heinapaa?haku=M2284191086&sivu=1
Spotlight-mainos poistettu.
Löytyi 30 uutta linkkiä

Käsitellään sivu 2: https://www.etuovi.com/myytavat-asunnot/oulu/heinapaa?haku=M2284191086&sivu=2
Spotlight-mainos poistettu.
Löytyi 24 uutta linkkiä

Käsitellään sivu 3: https://www.etuovi.com/myytavat-asunnot/oulu/heinapaa?haku=M2284191086&sivu=3
Spotlight-mainos poistettu.
Löytyi 0 uutta linkkiä
Ei uusia linkkejä – lopetetaan.
Writing 54 rows to 'latest_listings.csv'
Save complete!
Execution time: 44.34 seconds
Looking for all_listings.csv at: /home/tuukka/python_scripts/etuovi/all_listings.csv
Exists? True
Loaded latest listings from:  /home/tuukka/python_scripts/etuovi/latest_listings.csv
todays list has 54 listings
Old dataframe contains 177 listings
Startins 'get_soup' function
Saved combined listings to:  /home/tuukka/python_scripts/etuovi/all_listings.csv
Script completed at 2026-04-06 03:01:37.180568
/home/tuukka/python_scripts/etuovi/get_listings.py:456: FutureWarning: Setting an item of incompatible dtype is deprecated and will raise an error in a future version of pandas. Value '2008' has dtype incompatible with float64, please explicitly cast to a compatible dtype first.
  df_combined.at[idx, key] = value
/home/tuukka/python_scripts/etuovi/get_listings.py:456: FutureWarning: Setting an item of incompatible dtype is deprecated and will raise an error in a future version of pandas. Value '2008' has dtype incompatible with float64, please explicitly cast to a compatible dtype first.
  df_combined.at[idx, key] = value
Käyttäjä: tuukka
HOME: /home/tuukka
Starting 'get_urls' function
Ei spotlight-mainosta tällä sivulla.
https://www.etuovi.com/myytavat-asunnot/oulu/heinapaa?haku=M2284191086
Siirrytään sivulle..
Sivu ladattu!
Cookies-popup error
An error occurred: Message: 
Stacktrace:
RemoteError@chrome://remote/content/shared/RemoteError.sys.mjs:8:8
WebDriverError@chrome://remote/content/shared/webdriver/Errors.sys.mjs:199:5
NoSuchElementError@chrome://remote/content/shared/webdriver/Errors.sys.mjs:552:5
dom.find/</<@chrome://remote/content/shared/DOM.sys.mjs:136:16


Käsitellään sivu 1: https://www.etuovi.com/myytavat-asunnot/oulu/heinapaa?haku=M2284191086&sivu=1
Spotlight-mainos poistettu.
Löytyi 30 uutta linkkiä

Käsitellään sivu 2: https://www.etuovi.com/myytavat-asunnot/oulu/heinapaa?haku=M2284191086&sivu=2
Spotlight-mainos poistettu.
Löytyi 24 uutta linkkiä

Käsitellään sivu 3: https://www.etuovi.com/myytavat-asunnot/oulu/heinapaa?haku=M2284191086&sivu=3
Spotlight-mainos poistettu.
Löytyi 0 uutta linkkiä
Ei uusia linkkejä – lopetetaan.
Writing 54 rows to 'latest_listings.csv'
Save complete!
Execution time: 39.60 seconds
Looking for all_listings.csv at: /home/tuukka/python_scripts/etuovi/all_listings.csv
Exists? True
Loaded latest listings from:  /home/tuukka/python_scripts/etuovi/latest_listings.csv
todays list has 54 listings
Old dataframe contains 177 listings
Startins 'get_soup' function
Saved combined listings to:  /home/tuukka/python_scripts/etuovi/all_listings.csv
Script completed at 2026-04-07 03:01:32.639896
/home/tuukka/python_scripts/etuovi/get_listings.py:456: FutureWarning: Setting an item of incompatible dtype is deprecated and will raise an error in a future version of pandas. Value '2008' has dtype incompatible with float64, please explicitly cast to a compatible dtype first.
  df_combined.at[idx, key] = value
/home/tuukka/python_scripts/etuovi/get_listings.py:456: FutureWarning: Setting an item of incompatible dtype is deprecated and will raise an error in a future version of pandas. Value '2008' has dtype incompatible with float64, please explicitly cast to a compatible dtype first.
  df_combined.at[idx, key] = value
Käyttäjä: tuukka
HOME: /home/tuukka
Starting 'get_urls' function
Ei spotlight-mainosta tällä sivulla.
https://www.etuovi.com/myytavat-asunnot/oulu/heinapaa?haku=M2284191086
Siirrytään sivulle..
Sivu ladattu!
Cookies-popup error
An error occurred: Message: 
Stacktrace:
RemoteError@chrome://remote/content/shared/RemoteError.sys.mjs:8:8
WebDriverError@chrome://remote/content/shared/webdriver/Errors.sys.mjs:199:5
NoSuchElementError@chrome://remote/content/shared/webdriver/Errors.sys.mjs:552:5
dom.find/</<@chrome://remote/content/shared/DOM.sys.mjs:136:16


Käsitellään sivu 1: https://www.etuovi.com/myytavat-asunnot/oulu/heinapaa?haku=M2284191086&sivu=1
Spotlight-mainos poistettu.
Löytyi 30 uutta linkkiä

Käsitellään sivu 2: https://www.etuovi.com/myytavat-asunnot/oulu/heinapaa?haku=M2284191086&sivu=2
Spotlight-mainos poistettu.
Löytyi 25 uutta linkkiä

Käsitellään sivu 3: https://www.etuovi.com/myytavat-asunnot/oulu/heinapaa?haku=M2284191086&sivu=3
Spotlight-mainos poistettu.
Löytyi 0 uutta linkkiä
Ei uusia linkkejä – lopetetaan.
Writing 55 rows to 'latest_listings.csv'
Save complete!
Execution time: 45.09 seconds
Looking for all_listings.csv at: /home/tuukka/python_scripts/etuovi/all_listings.csv
Exists? True
Loaded latest listings from:  /home/tuukka/python_scripts/etuovi/latest_listings.csv
todays list has 55 listings
Old dataframe contains 177 listings
Startins 'get_soup' function
Saved combined listings to:  /home/tuukka/python_scripts/etuovi/all_listings.csv
Script completed at 2026-04-08 03:01:38.619417
/home/tuukka/python_scripts/etuovi/get_listings.py:456: FutureWarning: Setting an item of incompatible dtype is deprecated and will raise an error in a future version of pandas. Value '2008' has dtype incompatible with float64, please explicitly cast to a compatible dtype first.
  df_combined.at[idx, key] = value
/home/tuukka/python_scripts/etuovi/get_listings.py:456: FutureWarning: Setting an item of incompatible dtype is deprecated and will raise an error in a future version of pandas. Value '2008' has dtype incompatible with float64, please explicitly cast to a compatible dtype first.
  df_combined.at[idx, key] = value
Käyttäjä: tuukka
HOME: /home/tuukka
Starting 'get_urls' function
Ei spotlight-mainosta tällä sivulla.
https://www.etuovi.com/myytavat-asunnot/oulu/heinapaa?haku=M2284191086
Siirrytään sivulle..
Sivu ladattu!
Cookies-popup error
An error occurred: Message: 
Stacktrace:
RemoteError@chrome://remote/content/shared/RemoteError.sys.mjs:8:8
WebDriverError@chrome://remote/content/shared/webdriver/Errors.sys.mjs:199:5
NoSuchElementError@chrome://remote/content/shared/webdriver/Errors.sys.mjs:552:5
dom.find/</<@chrome://remote/content/shared/DOM.sys.mjs:136:16


Käsitellään sivu 1: https://www.etuovi.com/myytavat-asunnot/oulu/heinapaa?haku=M2284191086&sivu=1
Spotlight-mainos poistettu.
Löytyi 30 uutta linkkiä

Käsitellään sivu 2: https://www.etuovi.com/myytavat-asunnot/oulu/heinapaa?haku=M2284191086&sivu=2
Spotlight-mainos poistettu.
Löytyi 25 uutta linkkiä

Käsitellään sivu 3: https://www.etuovi.com/myytavat-asunnot/oulu/heinapaa?haku=M2284191086&sivu=3
Spotlight-mainos poistettu.
Löytyi 0 uutta linkkiä
Ei uusia linkkejä – lopetetaan.
Writing 55 rows to 'latest_listings.csv'
Save complete!
Execution time: 42.15 seconds
Looking for all_listings.csv at: /home/tuukka/python_scripts/etuovi/all_listings.csv
Exists? True
Loaded latest listings from:  /home/tuukka/python_scripts/etuovi/latest_listings.csv
todays list has 55 listings
Old dataframe contains 177 listings
Startins 'get_soup' function
Saved combined listings to:  /home/tuukka/python_scripts/etuovi/all_listings.csv
Script completed at 2026-04-09 03:01:35.300088
/home/tuukka/python_scripts/etuovi/get_listings.py:456: FutureWarning: Setting an item of incompatible dtype is deprecated and will raise an error in a future version of pandas. Value '2008' has dtype incompatible with float64, please explicitly cast to a compatible dtype first.
  df_combined.at[idx, key] = value
/home/tuukka/python_scripts/etuovi/get_listings.py:456: FutureWarning: Setting an item of incompatible dtype is deprecated and will raise an error in a future version of pandas. Value '2008' has dtype incompatible with float64, please explicitly cast to a compatible dtype first.
  df_combined.at[idx, key] = value
Käyttäjä: tuukka
HOME: /home/tuukka
Starting 'get_urls' function
Ei spotlight-mainosta tällä sivulla.
https://www.etuovi.com/myytavat-asunnot/oulu/heinapaa?haku=M2284191086
Siirrytään sivulle..
Sivu ladattu!
Cookies-popup error
An error occurred: Message: 
Stacktrace:
RemoteError@chrome://remote/content/shared/RemoteError.sys.mjs:8:8
WebDriverError@chrome://remote/content/shared/webdriver/Errors.sys.mjs:199:5
NoSuchElementError@chrome://remote/content/shared/webdriver/Errors.sys.mjs:552:5
dom.find/</<@chrome://remote/content/shared/DOM.sys.mjs:136:16


Käsitellään sivu 1: https://www.etuovi.com/myytavat-asunnot/oulu/heinapaa?haku=M2284191086&sivu=1
Spotlight-mainos poistettu.
Löytyi 30 uutta linkkiä

Käsitellään sivu 2: https://www.etuovi.com/myytavat-asunnot/oulu/heinapaa?haku=M2284191086&sivu=2
Spotlight-mainos poistettu.
Löytyi 25 uutta linkkiä

Käsitellään sivu 3: https://www.etuovi.com/myytavat-asunnot/oulu/heinapaa?haku=M2284191086&sivu=3
Spotlight-mainos poistettu.
Löytyi 0 uutta linkkiä
Ei uusia linkkejä – lopetetaan.
Writing 55 rows to 'latest_listings.csv'
Save complete!
Execution time: 44.73 seconds
Looking for all_listings.csv at: /home/tuukka/python_scripts/etuovi/all_listings.csv
Exists? True
Loaded latest listings from:  /home/tuukka/python_scripts/etuovi/latest_listings.csv
todays list has 55 listings
Old dataframe contains 177 listings
Startins 'get_soup' function
Saved combined listings to:  /home/tuukka/python_scripts/etuovi/all_listings.csv
Script completed at 2026-04-10 03:01:38.571814
/home/tuukka/python_scripts/etuovi/get_listings.py:456: FutureWarning: Setting an item of incompatible dtype is deprecated and will raise an error in a future version of pandas. Value '2008' has dtype incompatible with float64, please explicitly cast to a compatible dtype first.
  df_combined.at[idx, key] = value
/home/tuukka/python_scripts/etuovi/get_listings.py:456: FutureWarning: Setting an item of incompatible dtype is deprecated and will raise an error in a future version of pandas. Value '2008' has dtype incompatible with float64, please explicitly cast to a compatible dtype first.
  df_combined.at[idx, key] = value
Käyttäjä: tuukka
HOME: /home/tuukka
Starting 'get_urls' function
Ei spotlight-mainosta tällä sivulla.
https://www.etuovi.com/myytavat-asunnot/oulu/heinapaa?haku=M2284191086
Siirrytään sivulle..
Sivu ladattu!
Cookies-popup error
An error occurred: Message: 
Stacktrace:
RemoteError@chrome://remote/content/shared/RemoteError.sys.mjs:8:8
WebDriverError@chrome://remote/content/shared/webdriver/Errors.sys.mjs:199:5
NoSuchElementError@chrome://remote/content/shared/webdriver/Errors.sys.mjs:552:5
dom.find/</<@chrome://remote/content/shared/DOM.sys.mjs:136:16


Käsitellään sivu 1: https://www.etuovi.com/myytavat-asunnot/oulu/heinapaa?haku=M2284191086&sivu=1
Spotlight-mainos poistettu.
Löytyi 30 uutta linkkiä

Käsitellään sivu 2: https://www.etuovi.com/myytavat-asunnot/oulu/heinapaa?haku=M2284191086&sivu=2
Spotlight-mainos poistettu.
Löytyi 27 uutta linkkiä

Käsitellään sivu 3: https://www.etuovi.com/myytavat-asunnot/oulu/heinapaa?haku=M2284191086&sivu=3
Spotlight-mainos poistettu.
Löytyi 0 uutta linkkiä
Ei uusia linkkejä – lopetetaan.
Writing 57 rows to 'latest_listings.csv'
Save complete!
Execution time: 44.95 seconds
Looking for all_listings.csv at: /home/tuukka/python_scripts/etuovi/all_listings.csv
Exists? True
Loaded latest listings from:  /home/tuukka/python_scripts/etuovi/latest_listings.csv
todays list has 57 listings
Old dataframe contains 177 listings
Startins 'get_soup' function
Saved combined listings to:  /home/tuukka/python_scripts/etuovi/all_listings.csv
Script completed at 2026-04-11 03:01:46.126707
/home/tuukka/python_scripts/etuovi/get_listings.py:456: FutureWarning: Setting an item of incompatible dtype is deprecated and will raise an error in a future version of pandas. Value '2008' has dtype incompatible with float64, please explicitly cast to a compatible dtype first.
  df_combined.at[idx, key] = value
/home/tuukka/python_scripts/etuovi/get_listings.py:456: FutureWarning: Setting an item of incompatible dtype is deprecated and will raise an error in a future version of pandas. Value '2008' has dtype incompatible with float64, please explicitly cast to a compatible dtype first.
  df_combined.at[idx, key] = value
Käyttäjä: tuukka
HOME: /home/tuukka
Starting 'get_urls' function
Ei spotlight-mainosta tällä sivulla.
https://www.etuovi.com/myytavat-asunnot/oulu/heinapaa?haku=M2284191086
Siirrytään sivulle..
Sivu ladattu!
Cookies-popup error
An error occurred: Message: 
Stacktrace:
RemoteError@chrome://remote/content/shared/RemoteError.sys.mjs:8:8
WebDriverError@chrome://remote/content/shared/webdriver/Errors.sys.mjs:199:5
NoSuchElementError@chrome://remote/content/shared/webdriver/Errors.sys.mjs:552:5
dom.find/</<@chrome://remote/content/shared/DOM.sys.mjs:136:16


Käsitellään sivu 1: https://www.etuovi.com/myytavat-asunnot/oulu/heinapaa?haku=M2284191086&sivu=1
Spotlight-mainos poistettu.
Löytyi 30 uutta linkkiä

Käsitellään sivu 2: https://www.etuovi.com/myytavat-asunnot/oulu/heinapaa?haku=M2284191086&sivu=2
Spotlight-mainos poistettu.
Löytyi 27 uutta linkkiä

Käsitellään sivu 3: https://www.etuovi.com/myytavat-asunnot/oulu/heinapaa?haku=M2284191086&sivu=3
Spotlight-mainos poistettu.
Löytyi 0 uutta linkkiä
Ei uusia linkkejä – lopetetaan.
Writing 57 rows to 'latest_listings.csv'
Save complete!
Execution time: 43.37 seconds
Looking for all_listings.csv at: /home/tuukka/python_scripts/etuovi/all_listings.csv
Exists? True
Loaded latest listings from:  /home/tuukka/python_scripts/etuovi/latest_listings.csv
todays list has 57 listings
Old dataframe contains 179 listings
Startins 'get_soup' function
Saved combined listings to:  /home/tuukka/python_scripts/etuovi/all_listings.csv
Script completed at 2026-04-12 03:01:37.206826
/home/tuukka/python_scripts/etuovi/get_listings.py:456: FutureWarning: Setting an item of incompatible dtype is deprecated and will raise an error in a future version of pandas. Value '2008' has dtype incompatible with float64, please explicitly cast to a compatible dtype first.
  df_combined.at[idx, key] = value
/home/tuukka/python_scripts/etuovi/get_listings.py:456: FutureWarning: Setting an item of incompatible dtype is deprecated and will raise an error in a future version of pandas. Value '2008' has dtype incompatible with float64, please explicitly cast to a compatible dtype first.
  df_combined.at[idx, key] = value
Käyttäjä: tuukka
HOME: /home/tuukka
Starting 'get_urls' function
Ei spotlight-mainosta tällä sivulla.
https://www.etuovi.com/myytavat-asunnot/oulu/heinapaa?haku=M2284191086
Siirrytään sivulle..
Sivu ladattu!
Cookies-popup error
An error occurred: Message: 
Stacktrace:
RemoteError@chrome://remote/content/shared/RemoteError.sys.mjs:8:8
WebDriverError@chrome://remote/content/shared/webdriver/Errors.sys.mjs:199:5
NoSuchElementError@chrome://remote/content/shared/webdriver/Errors.sys.mjs:552:5
dom.find/</<@chrome://remote/content/shared/DOM.sys.mjs:136:16


Käsitellään sivu 1: https://www.etuovi.com/myytavat-asunnot/oulu/heinapaa?haku=M2284191086&sivu=1
Spotlight-mainos poistettu.
Löytyi 30 uutta linkkiä

Käsitellään sivu 2: https://www.etuovi.com/myytavat-asunnot/oulu/heinapaa?haku=M2284191086&sivu=2
Spotlight-mainos poistettu.
Löytyi 27 uutta linkkiä

Käsitellään sivu 3: https://www.etuovi.com/myytavat-asunnot/oulu/heinapaa?haku=M2284191086&sivu=3
Spotlight-mainos poistettu.
Löytyi 0 uutta linkkiä
Ei uusia linkkejä – lopetetaan.
Writing 57 rows to 'latest_listings.csv'
Save complete!
Execution time: 41.05 seconds
Looking for all_listings.csv at: /home/tuukka/python_scripts/etuovi/all_listings.csv
Exists? True
Loaded latest listings from:  /home/tuukka/python_scripts/etuovi/latest_listings.csv
todays list has 57 listings
Old dataframe contains 179 listings
Startins 'get_soup' function
Saved combined listings to:  /home/tuukka/python_scripts/etuovi/all_listings.csv
Script completed at 2026-04-13 03:01:34.529213
/home/tuukka/python_scripts/etuovi/get_listings.py:456: FutureWarning: Setting an item of incompatible dtype is deprecated and will raise an error in a future version of pandas. Value '2008' has dtype incompatible with float64, please explicitly cast to a compatible dtype first.
  df_combined.at[idx, key] = value
/home/tuukka/python_scripts/etuovi/get_listings.py:456: FutureWarning: Setting an item of incompatible dtype is deprecated and will raise an error in a future version of pandas. Value '2008' has dtype incompatible with float64, please explicitly cast to a compatible dtype first.
  df_combined.at[idx, key] = value
Käyttäjä: tuukka
HOME: /home/tuukka
Starting 'get_urls' function
Ei spotlight-mainosta tällä sivulla.
https://www.etuovi.com/myytavat-asunnot/oulu/heinapaa?haku=M2284191086
Siirrytään sivulle..
Sivu ladattu!
Cookies-popup error
An error occurred: Message: 
Stacktrace:
RemoteError@chrome://remote/content/shared/RemoteError.sys.mjs:8:8
WebDriverError@chrome://remote/content/shared/webdriver/Errors.sys.mjs:199:5
NoSuchElementError@chrome://remote/content/shared/webdriver/Errors.sys.mjs:552:5
dom.find/</<@chrome://remote/content/shared/DOM.sys.mjs:136:16


Käsitellään sivu 1: https://www.etuovi.com/myytavat-asunnot/oulu/heinapaa?haku=M2284191086&sivu=1
Spotlight-mainos poistettu.
Löytyi 30 uutta linkkiä

Käsitellään sivu 2: https://www.etuovi.com/myytavat-asunnot/oulu/heinapaa?haku=M2284191086&sivu=2
Spotlight-mainos poistettu.
Löytyi 28 uutta linkkiä

Käsitellään sivu 3: https://www.etuovi.com/myytavat-asunnot/oulu/heinapaa?haku=M2284191086&sivu=3
Spotlight-mainos poistettu.
Löytyi 0 uutta linkkiä
Ei uusia linkkejä – lopetetaan.
Writing 58 rows to 'latest_listings.csv'
Save complete!
Execution time: 48.39 seconds
Looking for all_listings.csv at: /home/tuukka/python_scripts/etuovi/all_listings.csv
Exists? True
Loaded latest listings from:  /home/tuukka/python_scripts/etuovi/latest_listings.csv
todays list has 58 listings
Old dataframe contains 179 listings
Startins 'get_soup' function
Saved combined listings to:  /home/tuukka/python_scripts/etuovi/all_listings.csv
Script completed at 2026-04-14 03:01:46.448160
/home/tuukka/python_scripts/etuovi/get_listings.py:456: FutureWarning: Setting an item of incompatible dtype is deprecated and will raise an error in a future version of pandas. Value '2008' has dtype incompatible with float64, please explicitly cast to a compatible dtype first.
  df_combined.at[idx, key] = value
/home/tuukka/python_scripts/etuovi/get_listings.py:456: FutureWarning: Setting an item of incompatible dtype is deprecated and will raise an error in a future version of pandas. Value '2008' has dtype incompatible with float64, please explicitly cast to a compatible dtype first.
  df_combined.at[idx, key] = value
Käyttäjä: tuukka
HOME: /home/tuukka
Starting 'get_urls' function
Ei spotlight-mainosta tällä sivulla.
https://www.etuovi.com/myytavat-asunnot/oulu/heinapaa?haku=M2284191086
Siirrytään sivulle..
Sivu ladattu!
Cookies-popup error
An error occurred: Message: 
Stacktrace:
RemoteError@chrome://remote/content/shared/RemoteError.sys.mjs:8:8
WebDriverError@chrome://remote/content/shared/webdriver/Errors.sys.mjs:199:5
NoSuchElementError@chrome://remote/content/shared/webdriver/Errors.sys.mjs:552:5
dom.find/</<@chrome://remote/content/shared/DOM.sys.mjs:136:16


Käsitellään sivu 1: https://www.etuovi.com/myytavat-asunnot/oulu/heinapaa?haku=M2284191086&sivu=1
Spotlight-mainos poistettu.
Löytyi 30 uutta linkkiä

Käsitellään sivu 2: https://www.etuovi.com/myytavat-asunnot/oulu/heinapaa?haku=M2284191086&sivu=2
Spotlight-mainos poistettu.
Löytyi 27 uutta linkkiä

Käsitellään sivu 3: https://www.etuovi.com/myytavat-asunnot/oulu/heinapaa?haku=M2284191086&sivu=3
Spotlight-mainos poistettu.
Löytyi 0 uutta linkkiä
Ei uusia linkkejä – lopetetaan.
Writing 57 rows to 'latest_listings.csv'
Save complete!
Execution time: 43.44 seconds
Looking for all_listings.csv at: /home/tuukka/python_scripts/etuovi/all_listings.csv
Exists? True
Loaded latest listings from:  /home/tuukka/python_scripts/etuovi/latest_listings.csv
todays list has 57 listings
Old dataframe contains 181 listings
Startins 'get_soup' function
Saved combined listings to:  /home/tuukka/python_scripts/etuovi/all_listings.csv
Script completed at 2026-04-15 03:01:38.466775
/home/tuukka/python_scripts/etuovi/get_listings.py:456: FutureWarning: Setting an item of incompatible dtype is deprecated and will raise an error in a future version of pandas. Value '2008' has dtype incompatible with float64, please explicitly cast to a compatible dtype first.
  df_combined.at[idx, key] = value
/home/tuukka/python_scripts/etuovi/get_listings.py:456: FutureWarning: Setting an item of incompatible dtype is deprecated and will raise an error in a future version of pandas. Value '2008' has dtype incompatible with float64, please explicitly cast to a compatible dtype first.
  df_combined.at[idx, key] = value
Käyttäjä: tuukka
HOME: /home/tuukka
Starting 'get_urls' function
Ei spotlight-mainosta tällä sivulla.
https://www.etuovi.com/myytavat-asunnot/oulu/heinapaa?haku=M2284191086
Siirrytään sivulle..
Sivu ladattu!
Cookies-popup error
An error occurred: Message: 
Stacktrace:
RemoteError@chrome://remote/content/shared/RemoteError.sys.mjs:8:8
WebDriverError@chrome://remote/content/shared/webdriver/Errors.sys.mjs:199:5
NoSuchElementError@chrome://remote/content/shared/webdriver/Errors.sys.mjs:552:5
dom.find/</<@chrome://remote/content/shared/DOM.sys.mjs:136:16


Käsitellään sivu 1: https://www.etuovi.com/myytavat-asunnot/oulu/heinapaa?haku=M2284191086&sivu=1
Spotlight-mainos poistettu.
Löytyi 30 uutta linkkiä

Käsitellään sivu 2: https://www.etuovi.com/myytavat-asunnot/oulu/heinapaa?haku=M2284191086&sivu=2
Spotlight-mainos poistettu.
Löytyi 29 uutta linkkiä

Käsitellään sivu 3: https://www.etuovi.com/myytavat-asunnot/oulu/heinapaa?haku=M2284191086&sivu=3
Spotlight-mainos poistettu.
Löytyi 0 uutta linkkiä
Ei uusia linkkejä – lopetetaan.
Writing 59 rows to 'latest_listings.csv'
Save complete!
Execution time: 40.72 seconds
Looking for all_listings.csv at: /home/tuukka/python_scripts/etuovi/all_listings.csv
Exists? True
Loaded latest listings from:  /home/tuukka/python_scripts/etuovi/latest_listings.csv
todays list has 59 listings
Old dataframe contains 181 listings
Startins 'get_soup' function
Saved combined listings to:  /home/tuukka/python_scripts/etuovi/all_listings.csv
Script completed at 2026-04-16 03:01:44.225332
/home/tuukka/python_scripts/etuovi/get_listings.py:456: FutureWarning: Setting an item of incompatible dtype is deprecated and will raise an error in a future version of pandas. Value '2008' has dtype incompatible with float64, please explicitly cast to a compatible dtype first.
  df_combined.at[idx, key] = value
/home/tuukka/python_scripts/etuovi/get_listings.py:456: FutureWarning: Setting an item of incompatible dtype is deprecated and will raise an error in a future version of pandas. Value '2008' has dtype incompatible with float64, please explicitly cast to a compatible dtype first.
  df_combined.at[idx, key] = value
Käyttäjä: tuukka
HOME: /home/tuukka
Starting 'get_urls' function
Ei spotlight-mainosta tällä sivulla.
https://www.etuovi.com/myytavat-asunnot/oulu/heinapaa?haku=M2284191086
Siirrytään sivulle..
Sivu ladattu!
Cookies-popup error
An error occurred: Message: 
Stacktrace:
RemoteError@chrome://remote/content/shared/RemoteError.sys.mjs:8:8
WebDriverError@chrome://remote/content/shared/webdriver/Errors.sys.mjs:199:5
NoSuchElementError@chrome://remote/content/shared/webdriver/Errors.sys.mjs:552:5
dom.find/</<@chrome://remote/content/shared/DOM.sys.mjs:136:16


Käsitellään sivu 1: https://www.etuovi.com/myytavat-asunnot/oulu/heinapaa?haku=M2284191086&sivu=1
Spotlight-mainos poistettu.
Löytyi 30 uutta linkkiä

Käsitellään sivu 2: https://www.etuovi.com/myytavat-asunnot/oulu/heinapaa?haku=M2284191086&sivu=2
Spotlight-mainos poistettu.
Löytyi 30 uutta linkkiä

Käsitellään sivu 3: https://www.etuovi.com/myytavat-asunnot/oulu/heinapaa?haku=M2284191086&sivu=3
Spotlight-mainos poistettu.
Löytyi 0 uutta linkkiä
Ei uusia linkkejä – lopetetaan.
Writing 60 rows to 'latest_listings.csv'
Save complete!
Execution time: 44.25 seconds
Looking for all_listings.csv at: /home/tuukka/python_scripts/etuovi/all_listings.csv
Exists? True
Loaded latest listings from:  /home/tuukka/python_scripts/etuovi/latest_listings.csv
todays list has 60 listings
Old dataframe contains 183 listings
Startins 'get_soup' function
Saved combined listings to:  /home/tuukka/python_scripts/etuovi/all_listings.csv
Script completed at 2026-04-17 03:01:40.119083
/home/tuukka/python_scripts/etuovi/get_listings.py:456: FutureWarning: Setting an item of incompatible dtype is deprecated and will raise an error in a future version of pandas. Value '2008' has dtype incompatible with float64, please explicitly cast to a compatible dtype first.
  df_combined.at[idx, key] = value
/home/tuukka/python_scripts/etuovi/get_listings.py:456: FutureWarning: Setting an item of incompatible dtype is deprecated and will raise an error in a future version of pandas. Value '2008' has dtype incompatible with float64, please explicitly cast to a compatible dtype first.
  df_combined.at[idx, key] = value
Käyttäjä: tuukka
HOME: /home/tuukka
Starting 'get_urls' function
Ei spotlight-mainosta tällä sivulla.
https://www.etuovi.com/myytavat-asunnot/oulu/heinapaa?haku=M2284191086
Siirrytään sivulle..
Sivu ladattu!
Cookies-popup error
An error occurred: Message: 
Stacktrace:
RemoteError@chrome://remote/content/shared/RemoteError.sys.mjs:8:8
WebDriverError@chrome://remote/content/shared/webdriver/Errors.sys.mjs:199:5
NoSuchElementError@chrome://remote/content/shared/webdriver/Errors.sys.mjs:552:5
dom.find/</<@chrome://remote/content/shared/DOM.sys.mjs:136:16


Käsitellään sivu 1: https://www.etuovi.com/myytavat-asunnot/oulu/heinapaa?haku=M2284191086&sivu=1
Spotlight-mainos poistettu.
Löytyi 30 uutta linkkiä

Käsitellään sivu 2: https://www.etuovi.com/myytavat-asunnot/oulu/heinapaa?haku=M2284191086&sivu=2
Spotlight-mainos poistettu.
Löytyi 30 uutta linkkiä

Käsitellään sivu 3: https://www.etuovi.com/myytavat-asunnot/oulu/heinapaa?haku=M2284191086&sivu=3
Spotlight-mainos poistettu.
Löytyi 0 uutta linkkiä
Ei uusia linkkejä – lopetetaan.
Writing 60 rows to 'latest_listings.csv'
Save complete!
Execution time: 44.14 seconds
Looking for all_listings.csv at: /home/tuukka/python_scripts/etuovi/all_listings.csv
Exists? True
Loaded latest listings from:  /home/tuukka/python_scripts/etuovi/latest_listings.csv
todays list has 60 listings
Old dataframe contains 183 listings
Startins 'get_soup' function
Saved combined listings to:  /home/tuukka/python_scripts/etuovi/all_listings.csv
Script completed at 2026-04-18 03:01:43.198305
/home/tuukka/python_scripts/etuovi/get_listings.py:456: FutureWarning: Setting an item of incompatible dtype is deprecated and will raise an error in a future version of pandas. Value '2008' has dtype incompatible with float64, please explicitly cast to a compatible dtype first.
  df_combined.at[idx, key] = value
/home/tuukka/python_scripts/etuovi/get_listings.py:456: FutureWarning: Setting an item of incompatible dtype is deprecated and will raise an error in a future version of pandas. Value '2008' has dtype incompatible with float64, please explicitly cast to a compatible dtype first.
  df_combined.at[idx, key] = value
Käyttäjä: tuukka
HOME: /home/tuukka
Starting 'get_urls' function
Ei spotlight-mainosta tällä sivulla.
https://www.etuovi.com/myytavat-asunnot/oulu/heinapaa?haku=M2284191086
Siirrytään sivulle..
Sivu ladattu!
Cookies-popup error
An error occurred: Message: 
Stacktrace:
RemoteError@chrome://remote/content/shared/RemoteError.sys.mjs:8:8
WebDriverError@chrome://remote/content/shared/webdriver/Errors.sys.mjs:199:5
NoSuchElementError@chrome://remote/content/shared/webdriver/Errors.sys.mjs:552:5
dom.find/</<@chrome://remote/content/shared/DOM.sys.mjs:136:16


Käsitellään sivu 1: https://www.etuovi.com/myytavat-asunnot/oulu/heinapaa?haku=M2284191086&sivu=1
Spotlight-mainos poistettu.
Löytyi 30 uutta linkkiä

Käsitellään sivu 2: https://www.etuovi.com/myytavat-asunnot/oulu/heinapaa?haku=M2284191086&sivu=2
Spotlight-mainos poistettu.
Löytyi 30 uutta linkkiä

Käsitellään sivu 3: https://www.etuovi.com/myytavat-asunnot/oulu/heinapaa?haku=M2284191086&sivu=3
Spotlight-mainos poistettu.
Löytyi 0 uutta linkkiä
Ei uusia linkkejä – lopetetaan.
Writing 60 rows to 'latest_listings.csv'
Save complete!
Execution time: 43.37 seconds
Looking for all_listings.csv at: /home/tuukka/python_scripts/etuovi/all_listings.csv
Exists? True
Loaded latest listings from:  /home/tuukka/python_scripts/etuovi/latest_listings.csv
todays list has 60 listings
Old dataframe contains 184 listings
Startins 'get_soup' function
Saved combined listings to:  /home/tuukka/python_scripts/etuovi/all_listings.csv
Script completed at 2026-04-19 03:01:38.746204
/home/tuukka/python_scripts/etuovi/get_listings.py:456: FutureWarning: Setting an item of incompatible dtype is deprecated and will raise an error in a future version of pandas. Value '2008' has dtype incompatible with float64, please explicitly cast to a compatible dtype first.
  df_combined.at[idx, key] = value
/home/tuukka/python_scripts/etuovi/get_listings.py:456: FutureWarning: Setting an item of incompatible dtype is deprecated and will raise an error in a future version of pandas. Value '2008' has dtype incompatible with float64, please explicitly cast to a compatible dtype first.
  df_combined.at[idx, key] = value
Käyttäjä: tuukka
HOME: /home/tuukka
Starting 'get_urls' function
Ei spotlight-mainosta tällä sivulla.
https://www.etuovi.com/myytavat-asunnot/oulu/heinapaa?haku=M2284191086
Siirrytään sivulle..
Sivu ladattu!
Cookies-popup error
An error occurred: Message: 
Stacktrace:
RemoteError@chrome://remote/content/shared/RemoteError.sys.mjs:8:8
WebDriverError@chrome://remote/content/shared/webdriver/Errors.sys.mjs:199:5
NoSuchElementError@chrome://remote/content/shared/webdriver/Errors.sys.mjs:552:5
dom.find/</<@chrome://remote/content/shared/DOM.sys.mjs:136:16


Käsitellään sivu 1: https://www.etuovi.com/myytavat-asunnot/oulu/heinapaa?haku=M2284191086&sivu=1
Spotlight-mainos poistettu.
Löytyi 30 uutta linkkiä

Käsitellään sivu 2: https://www.etuovi.com/myytavat-asunnot/oulu/heinapaa?haku=M2284191086&sivu=2
Spotlight-mainos poistettu.
Löytyi 30 uutta linkkiä

Käsitellään sivu 3: https://www.etuovi.com/myytavat-asunnot/oulu/heinapaa?haku=M2284191086&sivu=3
Spotlight-mainos poistettu.
Löytyi 1 uutta linkkiä

Käsitellään sivu 4: https://www.etuovi.com/myytavat-asunnot/oulu/heinapaa?haku=M2284191086&sivu=4
Spotlight-mainos poistettu.
Löytyi 0 uutta linkkiä
Ei uusia linkkejä – lopetetaan.
Writing 61 rows to 'latest_listings.csv'
Save complete!
Execution time: 57.53 seconds
Looking for all_listings.csv at: /home/tuukka/python_scripts/etuovi/all_listings.csv
Exists? True
Loaded latest listings from:  /home/tuukka/python_scripts/etuovi/latest_listings.csv
todays list has 61 listings
Old dataframe contains 184 listings
Startins 'get_soup' function
Saved combined listings to:  /home/tuukka/python_scripts/etuovi/all_listings.csv
Script completed at 2026-04-20 03:01:56.016689
/home/tuukka/python_scripts/etuovi/get_listings.py:456: FutureWarning: Setting an item of incompatible dtype is deprecated and will raise an error in a future version of pandas. Value '2008' has dtype incompatible with float64, please explicitly cast to a compatible dtype first.
  df_combined.at[idx, key] = value
/home/tuukka/python_scripts/etuovi/get_listings.py:456: FutureWarning: Setting an item of incompatible dtype is deprecated and will raise an error in a future version of pandas. Value '2008' has dtype incompatible with float64, please explicitly cast to a compatible dtype first.
  df_combined.at[idx, key] = value
Käyttäjä: tuukka
HOME: /home/tuukka
Starting 'get_urls' function
Ei spotlight-mainosta tällä sivulla.
https://www.etuovi.com/myytavat-asunnot/oulu/heinapaa?haku=M2284191086
Siirrytään sivulle..
Sivu ladattu!
Cookies-popup error
An error occurred: Message: 
Stacktrace:
RemoteError@chrome://remote/content/shared/RemoteError.sys.mjs:8:8
WebDriverError@chrome://remote/content/shared/webdriver/Errors.sys.mjs:199:5
NoSuchElementError@chrome://remote/content/shared/webdriver/Errors.sys.mjs:552:5
dom.find/</<@chrome://remote/content/shared/DOM.sys.mjs:136:16


Käsitellään sivu 1: https://www.etuovi.com/myytavat-asunnot/oulu/heinapaa?haku=M2284191086&sivu=1
Spotlight-mainos poistettu.
Löytyi 30 uutta linkkiä

Käsitellään sivu 2: https://www.etuovi.com/myytavat-asunnot/oulu/heinapaa?haku=M2284191086&sivu=2
Spotlight-mainos poistettu.
Löytyi 30 uutta linkkiä

Käsitellään sivu 3: https://www.etuovi.com/myytavat-asunnot/oulu/heinapaa?haku=M2284191086&sivu=3
Spotlight-mainos poistettu.
Löytyi 3 uutta linkkiä

Käsitellään sivu 4: https://www.etuovi.com/myytavat-asunnot/oulu/heinapaa?haku=M2284191086&sivu=4
Spotlight-mainos poistettu.
Löytyi 0 uutta linkkiä
Ei uusia linkkejä – lopetetaan.
Writing 63 rows to 'latest_listings.csv'
Save complete!
Execution time: 54.90 seconds
Looking for all_listings.csv at: /home/tuukka/python_scripts/etuovi/all_listings.csv
Exists? True
Loaded latest listings from:  /home/tuukka/python_scripts/etuovi/latest_listings.csv
todays list has 63 listings
Old dataframe contains 185 listings
Startins 'get_soup' function
Saved combined listings to:  /home/tuukka/python_scripts/etuovi/all_listings.csv
Script completed at 2026-04-21 03:01:56.594056
/home/tuukka/python_scripts/etuovi/get_listings.py:456: FutureWarning: Setting an item of incompatible dtype is deprecated and will raise an error in a future version of pandas. Value '2008' has dtype incompatible with float64, please explicitly cast to a compatible dtype first.
  df_combined.at[idx, key] = value
/home/tuukka/python_scripts/etuovi/get_listings.py:456: FutureWarning: Setting an item of incompatible dtype is deprecated and will raise an error in a future version of pandas. Value '2008' has dtype incompatible with float64, please explicitly cast to a compatible dtype first.
  df_combined.at[idx, key] = value
Käyttäjä: tuukka
HOME: /home/tuukka
Starting 'get_urls' function
Ei spotlight-mainosta tällä sivulla.
https://www.etuovi.com/myytavat-asunnot/oulu/heinapaa?haku=M2284191086
Siirrytään sivulle..
Sivu ladattu!
Cookies-popup error
An error occurred: Message: 
Stacktrace:
RemoteError@chrome://remote/content/shared/RemoteError.sys.mjs:8:8
WebDriverError@chrome://remote/content/shared/webdriver/Errors.sys.mjs:199:5
NoSuchElementError@chrome://remote/content/shared/webdriver/Errors.sys.mjs:552:5
dom.find/</<@chrome://remote/content/shared/DOM.sys.mjs:136:16


Käsitellään sivu 1: https://www.etuovi.com/myytavat-asunnot/oulu/heinapaa?haku=M2284191086&sivu=1
Spotlight-mainos poistettu.
Löytyi 30 uutta linkkiä

Käsitellään sivu 2: https://www.etuovi.com/myytavat-asunnot/oulu/heinapaa?haku=M2284191086&sivu=2
Spotlight-mainos poistettu.
Löytyi 30 uutta linkkiä

Käsitellään sivu 3: https://www.etuovi.com/myytavat-asunnot/oulu/heinapaa?haku=M2284191086&sivu=3
Spotlight-mainos poistettu.
Löytyi 2 uutta linkkiä

Käsitellään sivu 4: https://www.etuovi.com/myytavat-asunnot/oulu/heinapaa?haku=M2284191086&sivu=4
Spotlight-mainos poistettu.
Löytyi 0 uutta linkkiä
Ei uusia linkkejä – lopetetaan.
Writing 62 rows to 'latest_listings.csv'
Save complete!
Execution time: 55.76 seconds
Looking for all_listings.csv at: /home/tuukka/python_scripts/etuovi/all_listings.csv
Exists? True
Loaded latest listings from:  /home/tuukka/python_scripts/etuovi/latest_listings.csv
todays list has 62 listings
Old dataframe contains 187 listings
Startins 'get_soup' function
Saved combined listings to:  /home/tuukka/python_scripts/etuovi/all_listings.csv
Script completed at 2026-04-22 03:01:51.897328
/home/tuukka/python_scripts/etuovi/get_listings.py:456: FutureWarning: Setting an item of incompatible dtype is deprecated and will raise an error in a future version of pandas. Value '2008' has dtype incompatible with float64, please explicitly cast to a compatible dtype first.
  df_combined.at[idx, key] = value
/home/tuukka/python_scripts/etuovi/get_listings.py:456: FutureWarning: Setting an item of incompatible dtype is deprecated and will raise an error in a future version of pandas. Value '2008' has dtype incompatible with float64, please explicitly cast to a compatible dtype first.
  df_combined.at[idx, key] = value
Käyttäjä: tuukka
HOME: /home/tuukka
Starting 'get_urls' function
Ei spotlight-mainosta tällä sivulla.
https://www.etuovi.com/myytavat-asunnot/oulu/heinapaa?haku=M2284191086
Siirrytään sivulle..
Sivu ladattu!
Cookies-popup error
An error occurred: Message: 
Stacktrace:
RemoteError@chrome://remote/content/shared/RemoteError.sys.mjs:8:8
WebDriverError@chrome://remote/content/shared/webdriver/Errors.sys.mjs:199:5
NoSuchElementError@chrome://remote/content/shared/webdriver/Errors.sys.mjs:552:5
dom.find/</<@chrome://remote/content/shared/DOM.sys.mjs:136:16


Käsitellään sivu 1: https://www.etuovi.com/myytavat-asunnot/oulu/heinapaa?haku=M2284191086&sivu=1
Spotlight-mainos poistettu.
Löytyi 30 uutta linkkiä

Käsitellään sivu 2: https://www.etuovi.com/myytavat-asunnot/oulu/heinapaa?haku=M2284191086&sivu=2
Spotlight-mainos poistettu.
Löytyi 30 uutta linkkiä

Käsitellään sivu 3: https://www.etuovi.com/myytavat-asunnot/oulu/heinapaa?haku=M2284191086&sivu=3
Spotlight-mainos poistettu.
Löytyi 2 uutta linkkiä

Käsitellään sivu 4: https://www.etuovi.com/myytavat-asunnot/oulu/heinapaa?haku=M2284191086&sivu=4
Spotlight-mainos poistettu.
Löytyi 0 uutta linkkiä
Ei uusia linkkejä – lopetetaan.
Writing 62 rows to 'latest_listings.csv'
Save complete!
Execution time: 51.65 seconds
Looking for all_listings.csv at: /home/tuukka/python_scripts/etuovi/all_listings.csv
Exists? True
Loaded latest listings from:  /home/tuukka/python_scripts/etuovi/latest_listings.csv
todays list has 62 listings
Old dataframe contains 187 listings
Startins 'get_soup' function
Saved combined listings to:  /home/tuukka/python_scripts/etuovi/all_listings.csv
Script completed at 2026-04-23 03:01:53.738976
/home/tuukka/python_scripts/etuovi/get_listings.py:456: FutureWarning: Setting an item of incompatible dtype is deprecated and will raise an error in a future version of pandas. Value '2008' has dtype incompatible with float64, please explicitly cast to a compatible dtype first.
  df_combined.at[idx, key] = value
/home/tuukka/python_scripts/etuovi/get_listings.py:456: FutureWarning: Setting an item of incompatible dtype is deprecated and will raise an error in a future version of pandas. Value '2008' has dtype incompatible with float64, please explicitly cast to a compatible dtype first.
  df_combined.at[idx, key] = value
Käyttäjä: tuukka
HOME: /home/tuukka
Starting 'get_urls' function
Ei spotlight-mainosta tällä sivulla.
https://www.etuovi.com/myytavat-asunnot/oulu/heinapaa?haku=M2284191086
Siirrytään sivulle..
Sivu ladattu!
Cookies-popup error
An error occurred: Message: 
Stacktrace:
RemoteError@chrome://remote/content/shared/RemoteError.sys.mjs:8:8
WebDriverError@chrome://remote/content/shared/webdriver/Errors.sys.mjs:199:5
NoSuchElementError@chrome://remote/content/shared/webdriver/Errors.sys.mjs:552:5
dom.find/</<@chrome://remote/content/shared/DOM.sys.mjs:136:16


Käsitellään sivu 1: https://www.etuovi.com/myytavat-asunnot/oulu/heinapaa?haku=M2284191086&sivu=1
Spotlight-mainos poistettu.
Löytyi 30 uutta linkkiä

Käsitellään sivu 2: https://www.etuovi.com/myytavat-asunnot/oulu/heinapaa?haku=M2284191086&sivu=2
Spotlight-mainos poistettu.
Löytyi 30 uutta linkkiä

Käsitellään sivu 3: https://www.etuovi.com/myytavat-asunnot/oulu/heinapaa?haku=M2284191086&sivu=3
Spotlight-mainos poistettu.
Löytyi 3 uutta linkkiä

Käsitellään sivu 4: https://www.etuovi.com/myytavat-asunnot/oulu/heinapaa?haku=M2284191086&sivu=4
Spotlight-mainos poistettu.
Löytyi 0 uutta linkkiä
Ei uusia linkkejä – lopetetaan.
Writing 63 rows to 'latest_listings.csv'
Save complete!
Execution time: 54.76 seconds
Looking for all_listings.csv at: /home/tuukka/python_scripts/etuovi/all_listings.csv
Exists? True
Loaded latest listings from:  /home/tuukka/python_scripts/etuovi/latest_listings.csv
todays list has 63 listings
Old dataframe contains 188 listings
Startins 'get_soup' function
Saved combined listings to:  /home/tuukka/python_scripts/etuovi/all_listings.csv
Script completed at 2026-04-24 03:01:55.455531
/home/tuukka/python_scripts/etuovi/get_listings.py:456: FutureWarning: Setting an item of incompatible dtype is deprecated and will raise an error in a future version of pandas. Value '2008' has dtype incompatible with float64, please explicitly cast to a compatible dtype first.
  df_combined.at[idx, key] = value
/home/tuukka/python_scripts/etuovi/get_listings.py:456: FutureWarning: Setting an item of incompatible dtype is deprecated and will raise an error in a future version of pandas. Value '2008' has dtype incompatible with float64, please explicitly cast to a compatible dtype first.
  df_combined.at[idx, key] = value
Käyttäjä: tuukka
HOME: /home/tuukka
Starting 'get_urls' function
Ei spotlight-mainosta tällä sivulla.
https://www.etuovi.com/myytavat-asunnot/oulu/heinapaa?haku=M2284191086
Siirrytään sivulle..
Sivu ladattu!
Cookies-popup error
An error occurred: Message: 
Stacktrace:
RemoteError@chrome://remote/content/shared/RemoteError.sys.mjs:8:8
WebDriverError@chrome://remote/content/shared/webdriver/Errors.sys.mjs:199:5
NoSuchElementError@chrome://remote/content/shared/webdriver/Errors.sys.mjs:552:5
dom.find/</<@chrome://remote/content/shared/DOM.sys.mjs:136:16


Käsitellään sivu 1: https://www.etuovi.com/myytavat-asunnot/oulu/heinapaa?haku=M2284191086&sivu=1
Spotlight-mainos poistettu.
Löytyi 30 uutta linkkiä

Käsitellään sivu 2: https://www.etuovi.com/myytavat-asunnot/oulu/heinapaa?haku=M2284191086&sivu=2
Spotlight-mainos poistettu.
Löytyi 30 uutta linkkiä

Käsitellään sivu 3: https://www.etuovi.com/myytavat-asunnot/oulu/heinapaa?haku=M2284191086&sivu=3
Spotlight-mainos poistettu.
Löytyi 4 uutta linkkiä

Käsitellään sivu 4: https://www.etuovi.com/myytavat-asunnot/oulu/heinapaa?haku=M2284191086&sivu=4
Spotlight-mainos poistettu.
Löytyi 0 uutta linkkiä
Ei uusia linkkejä – lopetetaan.
Writing 64 rows to 'latest_listings.csv'
Save complete!
Execution time: 55.94 seconds
Looking for all_listings.csv at: /home/tuukka/python_scripts/etuovi/all_listings.csv
Exists? True
Loaded latest listings from:  /home/tuukka/python_scripts/etuovi/latest_listings.csv
todays list has 64 listings
Old dataframe contains 189 listings
Startins 'get_soup' function
Saved combined listings to:  /home/tuukka/python_scripts/etuovi/all_listings.csv
Script completed at 2026-04-25 03:01:55.632287
/home/tuukka/python_scripts/etuovi/get_listings.py:456: FutureWarning: Setting an item of incompatible dtype is deprecated and will raise an error in a future version of pandas. Value '2008' has dtype incompatible with float64, please explicitly cast to a compatible dtype first.
  df_combined.at[idx, key] = value
/home/tuukka/python_scripts/etuovi/get_listings.py:456: FutureWarning: Setting an item of incompatible dtype is deprecated and will raise an error in a future version of pandas. Value '2008' has dtype incompatible with float64, please explicitly cast to a compatible dtype first.
  df_combined.at[idx, key] = value
Käyttäjä: tuukka
HOME: /home/tuukka
Starting 'get_urls' function
Ei spotlight-mainosta tällä sivulla.
https://www.etuovi.com/myytavat-asunnot/oulu/heinapaa?haku=M2284191086
Siirrytään sivulle..
Sivu ladattu!
Cookies-popup error
An error occurred: Message: 
Stacktrace:
RemoteError@chrome://remote/content/shared/RemoteError.sys.mjs:8:8
WebDriverError@chrome://remote/content/shared/webdriver/Errors.sys.mjs:199:5
NoSuchElementError@chrome://remote/content/shared/webdriver/Errors.sys.mjs:552:5
dom.find/</<@chrome://remote/content/shared/DOM.sys.mjs:136:16


Käsitellään sivu 1: https://www.etuovi.com/myytavat-asunnot/oulu/heinapaa?haku=M2284191086&sivu=1
Spotlight-mainos poistettu.
Löytyi 30 uutta linkkiä

Käsitellään sivu 2: https://www.etuovi.com/myytavat-asunnot/oulu/heinapaa?haku=M2284191086&sivu=2
Spotlight-mainos poistettu.
Löytyi 30 uutta linkkiä

Käsitellään sivu 3: https://www.etuovi.com/myytavat-asunnot/oulu/heinapaa?haku=M2284191086&sivu=3
Spotlight-mainos poistettu.
Löytyi 4 uutta linkkiä

Käsitellään sivu 4: https://www.etuovi.com/myytavat-asunnot/oulu/heinapaa?haku=M2284191086&sivu=4
Spotlight-mainos poistettu.
Löytyi 0 uutta linkkiä
Ei uusia linkkejä – lopetetaan.
Writing 64 rows to 'latest_listings.csv'
Save complete!
Execution time: 57.49 seconds
Looking for all_listings.csv at: /home/tuukka/python_scripts/etuovi/all_listings.csv
Exists? True
Loaded latest listings from:  /home/tuukka/python_scripts/etuovi/latest_listings.csv
todays list has 64 listings
Old dataframe contains 190 listings
Startins 'get_soup' function
Saved combined listings to:  /home/tuukka/python_scripts/etuovi/all_listings.csv
Script completed at 2026-04-26 03:01:54.808376
